City_ID,City,Country,Date,Lat,Lng,Max Temp,Humidity,Cloudiness,Wind Speed
0,Kerema,PG,2022-03-31 18:52:09,-7.9631,145.7785,76.01,87,100,7.83
1,Yerbogachen,RU,2022-03-31 18:52:10,61.2767,108.0108,26.69,92,100,11.95
2,Palana,RU,2022-03-31 18:52:11,59.1167,159.9667,11.37,88,98,7.67
3,Mar Del Plata,AR,2022-03-31 18:52:11,-38.0023,-57.5575,60.87,70,40,8.99
4,Hilo,US,2022-03-31 18:52:11,19.7297,-155.09,78.12,78,100,3.0
5,West Wendover,US,2022-03-31 18:52:12,40.7391,-114.0733,49.21,40,0,13.8
6,Narsaq,GL,2022-03-31 18:52:13,60.9167,-46.05,38.41,77,100,1.68
7,Puerto Ayora,EC,2022-03-31 18:52:13,-0.7393,-90.3518,80.56,75,98,5.28
8,Ushuaia,AR,2022-03-31 18:49:38,-54.8,-68.3,51.46,58,40,11.5
9,Manono,CD,2022-03-31 18:52:14,-7.3,27.4167,67.89,91,96,4.65
10,Ribeira Grande,PT,2022-03-31 18:52:14,38.5167,-28.7,63.0,94,40,10.36
11,Kaeo,NZ,2022-03-31 18:52:15,-35.1,173.7833,60.33,96,99,2.55
12,Biak,ID,2022-03-31 18:52:16,-0.9131,122.8766,76.28,81,100,4.7
13,Urengoy,RU,2022-03-31 18:52:17,65.9667,78.3667,16.66,90,100,18.34
14,Ixtapa,MX,2022-03-31 18:52:17,20.7,-105.2,88.23,26,94,8.79
15,Port Alfred,ZA,2022-03-31 18:52:18,-33.5906,26.891,64.18,92,100,6.51
16,Bambous Virieux,MU,2022-03-31 18:52:19,-20.3428,57.7575,79.21,73,40,18.41
17,Touros,BR,2022-03-31 18:52:19,-5.1989,-35.4608,82.17,72,100,12.68
18,Jiblah,YE,2022-03-31 18:52:19,13.9216,44.1467,61.77,41,0,3.42
19,Barranca,PE,2022-03-31 18:52:20,-10.75,-77.7667,73.99,72,18,11.12
20,Sokolo,ML,2022-03-31 18:52:21,14.7328,-6.1219,96.91,7,28,3.67
21,Hithadhoo,MV,2022-03-31 18:52:21,-0.6,73.0833,82.8,71,3,5.88
22,Petropavlovsk-Kamchatskiy,RU,2022-03-31 18:52:22,53.0452,158.6483,18.19,73,20,8.95
23,Itarema,BR,2022-03-31 18:52:22,-2.9248,-39.9167,75.99,90,100,7.38
24,Sitka,US,2022-03-31 18:52:22,57.0531,-135.33,42.69,75,75,8.05
25,Avarua,CK,2022-03-31 18:52:23,-21.2078,-159.775,80.65,89,8,6.91
26,Qaanaaq,GL,2022-03-31 18:52:23,77.484,-69.3632,24.19,70,100,5.44
27,Siswa Bazar,IN,2022-03-31 18:52:24,27.15,83.7667,77.88,51,0,7.47
28,Port Elizabeth,ZA,2022-03-31 18:52:24,-33.918,25.5701,67.1,80,100,11.5
29,Rikitea,PF,2022-03-31 18:52:25,-23.1203,-134.9692,78.03,67,67,16.08
30,Vaini,TO,2022-03-31 18:52:25,-21.2,-175.2,75.36,100,75,0.0
31,Nikolskoye,RU,2022-03-31 18:52:26,59.7035,30.7861,27.81,95,15,1.95
32,Portland,US,2022-03-31 18:47:44,45.5234,-122.6762,53.42,66,75,6.91
33,Hermanus,ZA,2022-03-31 18:52:26,-34.4187,19.2345,63.81,70,87,9.51
34,Atuona,PF,2022-03-31 18:52:27,-9.8,-139.0333,78.57,73,9,8.97
35,Bengkulu,ID,2022-03-31 18:52:27,-3.8004,102.2655,76.14,81,100,4.5
36,Busselton,AU,2022-03-31 18:52:28,-33.65,115.3333,69.64,70,0,10.78
37,Zhaotong,CN,2022-03-31 18:52:28,27.3167,103.7167,36.52,99,100,4.45
38,Aklavik,CA,2022-03-31 18:52:29,68.2191,-135.0107,-16.6,69,20,5.75
39,Dunedin,NZ,2022-03-31 18:48:55,-45.8742,170.5036,51.8,60,100,8.01
40,Sao Jose Da Coroa Grande,BR,2022-03-31 18:52:29,-8.8978,-35.1478,81.75,71,100,6.91
41,Tuktoyaktuk,CA,2022-03-31 18:52:30,69.4541,-133.0374,-20.2,69,40,9.22
42,Norman Wells,CA,2022-03-31 18:52:30,65.282,-126.8329,-14.76,58,20,20.71
43,Mataura,NZ,2022-03-31 18:52:31,-46.1927,168.8643,42.84,91,100,2.04
44,Carutapera,BR,2022-03-31 18:52:31,-1.195,-46.02,74.95,96,100,2.1
45,Raudeberg,NO,2022-03-31 18:53:31,61.9875,5.1352,38.07,79,88,11.3
46,Abashiri,JP,2022-03-31 18:53:32,44.0213,144.2697,27.95,96,100,4.97
47,Pemex,MX,2022-03-31 18:53:32,18.4395,-96.3461,97.23,31,22,7.0
48,Tuatapere,NZ,2022-03-31 18:53:33,-46.1333,167.6833,47.32,86,100,3.8
49,Praia Da Vitoria,PT,2022-03-31 18:53:33,38.7333,-27.0667,66.45,72,40,5.95
50,Acajutla,SV,2022-03-31 18:53:33,13.5928,-89.8275,86.7,54,100,9.01
51,Bluff,NZ,2022-03-31 18:53:34,-46.6,168.3333,48.6,63,100,9.51
52,Scottsbluff,US,2022-03-31 18:49:44,41.8666,-103.6672,55.56,35,40,1.99
53,Punta Arenas,CL,2022-03-31 18:50:37,-53.15,-70.9167,53.71,47,75,29.93
54,Victoria Point,AU,2022-03-31 18:53:34,-27.5833,153.3,69.08,87,78,1.01
55,New Norfolk,AU,2022-03-31 18:53:35,-42.7826,147.0587,53.1,66,100,2.13
56,Cap-Aux-Meules,CA,2022-03-31 18:53:35,47.3821,-61.8597,37.45,70,100,9.22
57,Griffith,US,2022-03-31 18:53:35,41.5284,-87.4237,39.31,89,100,8.05
58,Shache,CN,2022-03-31 18:53:37,38.4167,77.2406,49.6,58,99,10.63
59,Leningradskiy,RU,2022-03-31 18:53:37,69.3833,178.4167,-5.03,93,100,0.31
60,Harper,LR,2022-03-31 18:53:38,4.375,-7.7169,81.34,81,8,6.93
61,Saint-Philippe,RE,2022-03-31 18:53:38,-21.3585,55.7679,76.59,79,99,14.92
62,Carupano,VE,2022-03-31 18:53:38,10.6678,-63.2585,81.48,71,100,14.27
63,Salalah,OM,2022-03-31 18:53:39,17.0151,54.0924,80.01,41,0,1.61
64,Marawi,PH,2022-03-31 18:53:39,7.9986,124.2928,67.69,95,100,0.63
65,Maragogi,BR,2022-03-31 18:53:39,-9.0122,-35.2225,81.68,72,98,6.93
66,Kapaa,US,2022-03-31 18:53:40,22.0752,-159.319,78.19,84,12,5.99
67,The Valley,AI,2022-03-31 18:53:40,18.217,-63.0578,84.06,61,20,20.71
68,Mitu,CO,2022-03-31 18:53:40,1.1983,-70.1733,88.75,52,43,2.71
69,Libertad,PH,2022-03-31 18:53:41,8.9442,125.5019,74.35,91,100,1.9
70,Vaitape,PF,2022-03-31 18:53:41,-16.5167,-151.75,82.36,66,20,15.32
71,Mudon,MM,2022-03-31 18:53:41,16.2578,97.7164,79.66,76,62,4.05
72,Butaritari,KI,2022-03-31 18:53:42,3.0707,172.7902,80.94,79,31,14.07
73,Longyearbyen,SJ,2022-03-31 18:53:42,78.2186,15.6401,8.44,85,75,9.22
74,Mahebourg,MU,2022-03-31 18:53:42,-20.4081,57.7,79.25,73,40,18.41
75,Buraydah,SA,2022-03-31 18:53:43,26.326,43.975,79.25,14,0,4.74
76,Kruisfontein,ZA,2022-03-31 18:53:43,-34.0033,24.7314,64.89,79,100,5.12
77,Lebu,CL,2022-03-31 18:53:43,-37.6167,-73.65,56.05,66,95,21.85
78,Avera,US,2022-03-31 18:53:44,33.194,-82.5271,72.55,70,92,12.3
79,Hobart,AU,2022-03-31 18:53:44,-42.8794,147.3294,53.46,74,100,6.91
80,Nanortalik,GL,2022-03-31 18:53:44,60.1432,-45.2371,37.69,87,100,4.61
81,Souillac,MU,2022-03-31 18:53:45,-20.5167,57.5167,79.18,73,40,18.41
82,Bubaque,GW,2022-03-31 18:53:45,11.2833,-15.8333,75.69,75,51,13.4
83,Barrow,US,2022-03-31 18:53:45,71.2906,-156.7887,-17.75,96,27,18.72
84,Gat,IL,2022-03-31 18:53:46,31.61,34.7642,71.4,60,51,3.44
85,Codrington,AU,2022-03-31 18:53:46,-38.2667,141.9667,59.43,59,88,13.89
86,Straumen,NO,2022-03-31 18:53:46,63.8709,11.2999,32.0,77,100,1.45
87,Castellammare Del Golfo,IT,2022-03-31 18:53:47,38.0188,12.8858,60.12,90,56,8.39
88,Nyurba,RU,2022-03-31 18:53:47,63.2842,118.3319,28.78,97,100,7.38
89,Paraiso,CR,2022-03-31 18:53:47,9.8383,-83.8656,79.66,48,80,4.52
90,Kahului,US,2022-03-31 18:53:06,20.8947,-156.47,78.82,73,20,12.66
91,Havoysund,NO,2022-03-31 18:53:48,70.9963,24.6622,28.63,67,100,9.06
92,Torbay,CA,2022-03-31 18:51:39,47.6666,-52.7314,41.29,70,75,13.8
93,Faanui,PF,2022-03-31 18:54:48,-16.4833,-151.75,82.35,66,21,15.32
94,Rosarito,MX,2022-03-31 18:54:49,32.3333,-117.0333,61.48,76,100,8.72
95,Izberbash,RU,2022-03-31 18:54:49,42.5696,47.8645,41.05,70,100,10.4
96,Barkot,IN,2022-03-31 18:54:49,30.8167,78.2,59.52,28,0,5.79
97,Khatanga,RU,2022-03-31 18:54:50,71.9667,102.5,-4.4,100,84,5.5
98,Kabo,CF,2022-03-31 18:54:50,7.6994,18.629,87.21,23,12,4.61
99,Amuntai,ID,2022-03-31 18:54:50,-2.4177,115.2494,74.7,94,93,1.57
100,Constitucion,CL,2022-03-31 18:54:51,-35.3333,-72.4167,66.51,46,0,16.67
101,Cabra,ES,2022-03-31 18:54:51,37.4725,-4.4421,51.66,85,80,1.01
102,Port Macquarie,AU,2022-03-31 18:54:51,-31.4333,152.9167,61.9,82,100,18.34
103,Kaitangata,NZ,2022-03-31 18:54:52,-46.2817,169.8464,46.24,74,100,4.23
104,San Pedro,PH,2022-03-31 18:54:52,14.35,121.0167,83.43,76,40,5.75
105,Walvis Bay,NA,2022-03-31 18:54:53,-22.9575,14.5053,67.15,72,0,4.61
106,Bethel,US,2022-03-31 18:54:53,41.3712,-73.414,62.78,85,100,4.0
107,Saskylakh,RU,2022-03-31 18:54:53,71.9167,114.0833,3.76,97,100,6.31
108,Albany,US,2022-03-31 18:50:11,42.6001,-73.9662,59.31,82,100,8.37
109,Chumikan,RU,2022-03-31 18:54:54,54.7183,135.315,3.34,86,6,7.81
110,Nabire,ID,2022-03-31 18:54:54,-3.3667,135.4833,76.84,78,100,2.75
111,Cayenne,GF,2022-03-31 18:54:54,4.9333,-52.3333,86.04,12,75,13.8
112,Jamestown,US,2022-03-31 18:54:55,42.097,-79.2353,65.52,63,100,19.57
113,Smithers,CA,2022-03-31 18:51:35,54.7804,-127.1743,39.52,56,75,0.0
114,Tasiilaq,GL,2022-03-31 18:54:55,65.6145,-37.6368,34.32,98,100,6.2
115,Noyabrsk,RU,2022-03-31 18:54:56,63.1994,75.4507,11.44,90,17,15.41
116,Yozgat,TR,2022-03-31 18:54:56,39.5833,35.3333,50.36,50,100,4.94
117,Ternate,ID,2022-03-31 18:54:56,0.8,127.4,79.7,82,100,6.87
118,Angoche,MZ,2022-03-31 18:54:57,-16.2325,39.9086,79.38,77,59,4.85
119,Laguna,US,2022-03-31 18:54:57,38.421,-121.4238,64.15,60,0,4.0
120,College,US,2022-03-31 18:51:52,64.8569,-147.8028,21.79,32,5,1.01
121,Bredasdorp,ZA,2022-03-31 18:54:57,-34.5322,20.0403,62.49,62,49,6.17
122,Yangjiang,CN,2022-03-31 18:54:58,21.85,111.9667,71.92,89,72,4.92
123,Albanel,CA,2022-03-31 18:54:58,48.8832,-72.4487,32.14,100,100,13.8
124,Cape Town,ZA,2022-03-31 18:54:58,-33.9258,18.4232,64.27,74,20,18.41
125,Mizdah,LY,2022-03-31 18:54:59,31.4451,12.9801,72.01,22,0,20.02
126,Thompson,CA,2022-03-31 18:54:59,55.7435,-97.8558,39.36,35,75,9.22
127,Sabang,ID,2022-03-31 18:55:00,5.8933,95.3214,82.49,71,100,2.8
128,Hami,CN,2022-03-31 18:55:00,42.8,93.45,46.54,22,0,7.74
129,Karratha,AU,2022-03-31 18:55:00,-20.7377,116.8463,84.96,70,98,9.42
130,Puerto El Triunfo,SV,2022-03-31 18:55:01,13.2833,-88.55,87.06,56,100,11.5
131,Kodiak,US,2022-03-31 18:55:01,57.79,-152.4072,38.71,100,100,23.02
132,Pitimbu,BR,2022-03-31 18:55:01,-7.4706,-34.8086,84.79,71,99,11.23
133,Gravdal,NO,2022-03-31 18:55:02,68.1214,13.5031,24.69,80,20,4.61
134,Luderitz,NA,2022-03-31 18:55:03,-26.6481,15.1594,63.63,70,0,21.85
135,Victoria,HK,2022-03-31 18:52:55,22.2855,114.1577,73.18,86,100,20.0
136,Hovd,MN,2022-03-31 18:56:03,48.0056,91.6419,29.1,33,0,1.5
137,Fairbanks,US,2022-03-31 18:55:40,64.8378,-147.7164,21.81,33,0,14.97
138,Marrakesh,MA,2022-03-31 18:56:04,31.6315,-8.0083,68.07,40,20,6.91
139,Kidal,ML,2022-03-31 18:56:05,18.4411,1.4078,89.73,3,95,8.7
140,Tessalit,ML,2022-03-31 18:56:05,20.1986,1.0114,89.02,4,88,8.68
141,Bollnas,SE,2022-03-31 18:56:05,61.3482,16.3946,22.32,93,61,0.85
142,Castro,BR,2022-03-31 18:56:06,-24.7911,-50.0119,57.69,98,100,7.58
143,Adamas,GR,2022-03-31 18:56:06,36.7333,24.4333,61.21,76,100,14.97
144,Teya,RU,2022-03-31 18:56:07,60.3778,92.6267,24.53,81,100,10.71
145,Mana,GF,2022-03-31 18:56:07,5.6592,-53.7767,80.89,70,63,10.31
146,Sobolevo,RU,2022-03-31 18:56:08,54.4299,31.8996,31.01,97,100,8.43
147,Anadyr,RU,2022-03-31 18:56:08,64.75,177.4833,7.3,84,75,17.9
148,Nhulunbuy,AU,2022-03-31 18:56:09,-12.2333,136.7667,75.81,88,16,1.14
149,Aswan,EG,2022-03-31 18:56:09,24.0934,32.907,87.1,8,0,9.22
150,Nome,US,2022-03-31 18:56:09,64.5011,-165.4064,27.16,65,100,15.99
151,Upernavik,GL,2022-03-31 18:56:10,72.7868,-56.1549,17.71,96,100,11.56
152,Arraial Do Cabo,BR,2022-03-31 18:56:10,-22.9661,-42.0278,84.16,78,20,14.97
153,Olafsvik,IS,2022-03-31 18:56:11,64.8945,-23.7142,39.65,82,100,7.31
154,Baruun-Urt,MN,2022-03-31 18:56:11,46.6806,113.2792,25.41,32,100,7.4
155,Cidreira,BR,2022-03-31 18:56:14,-30.1811,-50.2056,65.61,53,84,9.46
156,Tucuman,AR,2022-03-31 18:56:14,-26.8241,-65.2226,66.2,27,20,4.61
157,Viedma,AR,2022-03-31 18:53:16,-40.8135,-62.9967,72.63,14,1,16.31
158,East London,ZA,2022-03-31 18:56:14,-33.0153,27.9116,67.14,94,75,8.05
159,Carnarvon,AU,2022-03-31 18:56:15,-24.8667,113.6333,71.67,100,75,17.27
160,Saint-Georges,GD,2022-03-31 18:56:15,12.0564,-61.7485,83.88,65,20,17.27
161,Hamilton,US,2022-03-31 18:56:15,39.1834,-84.5333,47.07,72,100,5.99
162,Chalakudi,IN,2022-03-31 18:56:16,10.304,76.3361,80.51,94,40,2.3
163,Lodwar,KE,2022-03-31 18:56:16,3.1191,35.5973,85.82,45,4,20.83
164,Anloga,GH,2022-03-31 18:56:17,5.7947,0.8973,83.21,83,99,15.39
165,Hay River,CA,2022-03-31 18:53:47,60.8156,-115.7999,15.78,79,100,17.27
166,Yar-Sale,RU,2022-03-31 18:56:17,66.8333,70.8333,15.12,79,100,20.24
167,Margate,GB,2022-03-31 18:56:18,51.3813,1.3862,39.69,67,100,18.99
168,Vao,NC,2022-03-31 18:56:18,-22.6667,167.4833,78.39,86,0,11.48
169,Paamiut,GL,2022-03-31 18:56:18,61.994,-49.6678,34.86,97,100,3.02
170,Pangody,RU,2022-03-31 18:56:19,65.85,74.4859,16.43,79,100,21.32
171,Sumenep,ID,2022-03-31 18:56:19,-7.0167,113.8667,79.32,84,94,0.69
172,Pinawa,CA,2022-03-31 18:56:20,50.1489,-95.8811,32.88,64,10,4.45
173,Karad,IN,2022-03-31 18:56:20,17.2833,74.2,77.97,31,1,4.74
174,Los Llanos De Aridane,ES,2022-03-31 18:56:21,28.6585,-17.9182,62.35,81,20,10.36
175,Yellowknife,CA,2022-03-31 18:56:22,62.456,-114.3525,17.42,79,100,11.5
176,Kavieng,PG,2022-03-31 18:56:23,-2.5744,150.7967,81.23,79,100,13.56
177,Inhambane,MZ,2022-03-31 18:56:23,-23.865,35.3833,78.78,94,40,3.44
178,Chuy,UY,2022-03-31 18:56:23,-33.6971,-53.4616,63.25,56,50,13.38
179,Opuwo,NA,2022-03-31 18:56:24,-18.0607,13.84,75.04,57,31,5.77
180,Ashington,GB,2022-03-31 18:56:24,50.9331,-0.3909,40.28,51,0,19.57
181,Puerto Narino,CO,2022-03-31 18:57:25,-3.7703,-70.3831,84.06,79,100,3.53
182,Whitley Bay,GB,2022-03-31 18:57:25,55.0397,-1.4471,39.07,80,95,18.41
183,Katsuura,JP,2022-03-31 18:57:27,35.1333,140.3,48.22,92,100,28.88
184,Hualmay,PE,2022-03-31 18:57:27,-11.0964,-77.6139,74.71,73,24,10.4
185,Ilulissat,GL,2022-03-31 18:57:27,69.2167,-51.1,15.98,94,76,5.3
186,Lavrentiya,RU,2022-03-31 18:57:28,65.5833,-171.0,12.06,81,20,11.41
187,Iqaluit,CA,2022-03-31 18:57:29,63.7506,-68.5145,28.13,92,100,10.36
188,Bathsheba,BB,2022-03-31 18:57:29,13.2167,-59.5167,84.81,61,40,21.85
189,Tiksi,RU,2022-03-31 18:57:29,71.6872,128.8694,1.69,99,100,5.88
190,Isangel,VU,2022-03-31 18:52:47,-19.55,169.2667,79.74,88,100,4.97
191,Goundam,ML,2022-03-31 18:57:30,16.4145,-3.6708,92.01,5,100,6.73
192,Clyde River,CA,2022-03-31 18:57:31,70.4692,-68.5914,5.23,78,20,8.05
193,Rockhampton,AU,2022-03-31 18:57:31,-23.3833,150.5,73.29,73,100,11.5
194,Port Moresby,PG,2022-03-31 18:57:31,-9.4431,147.1797,74.62,94,40,5.75
195,Cherskiy,RU,2022-03-31 18:57:32,68.75,161.3,-16.98,100,100,4.5
196,Mandali,IQ,2022-03-31 18:57:32,33.7499,45.5541,76.01,22,0,7.63
197,Coquimbo,CL,2022-03-31 18:57:33,-29.9533,-71.3436,67.35,61,0,5.97
198,Sayville,US,2022-03-31 18:57:33,40.7359,-73.0821,59.65,85,100,15.99
199,Wewak,PG,2022-03-31 18:57:33,-3.5534,143.6268,78.13,88,100,5.84
200,Xiuyan,CN,2022-03-31 18:57:34,40.2928,123.2744,33.93,57,0,4.9
201,Talnakh,RU,2022-03-31 18:57:34,69.4865,88.3972,18.21,93,100,4.34
202,Esperance,AU,2022-03-31 18:57:34,-33.8667,121.9,64.24,78,98,18.88
203,Muros,ES,2022-03-31 18:57:35,42.7762,-9.0603,55.09,75,14,14.03
204,Suntar,RU,2022-03-31 18:57:35,62.1444,117.6319,30.6,89,100,9.98
205,Visnes,NO,2022-03-31 18:57:36,59.3556,5.2242,39.81,70,0,18.41
206,Georgetown,MY,2022-03-31 18:53:34,5.4112,100.3354,78.73,99,20,3.44
207,Bandarbeyla,SO,2022-03-31 18:57:36,9.4942,50.8122,81.19,79,58,11.65
208,Lensk,RU,2022-03-31 18:57:36,60.7253,114.9278,29.52,90,92,10.38
209,Covington,US,2022-03-31 18:57:37,39.0837,-84.5086,48.07,73,100,7.0
210,Skjervoy,NO,2022-03-31 18:57:37,70.0311,20.9714,26.6,59,100,9.17
211,Calvia,ES,2022-03-31 18:57:37,39.5657,2.5062,55.96,75,100,11.18
212,Alice Springs,AU,2022-03-31 18:57:38,-23.7,133.8833,53.15,58,1,5.75
213,Evensk,RU,2022-03-31 18:57:38,61.95,159.2333,9.41,77,100,9.98
214,Bosaso,SO,2022-03-31 18:57:38,11.2842,49.1816,80.15,79,1,3.0
215,Buarcos,PT,2022-03-31 18:57:39,40.166,-8.8768,57.54,80,4,18.21
216,Bilibino,RU,2022-03-31 18:57:39,68.0546,166.4372,-20.36,96,90,2.28
217,Langarud,IR,2022-03-31 18:57:40,37.197,50.1535,55.45,69,0,2.95
218,Sakti,IN,2022-03-31 18:57:40,22.0333,82.9667,80.73,12,0,4.29
219,Banikoara,BJ,2022-03-31 18:57:40,11.2985,2.4386,94.82,18,4,4.63
220,Kalmunai,LK,2022-03-31 18:57:41,7.4167,81.8167,78.98,86,11,7.36
221,Taree,AU,2022-03-31 18:57:41,-31.9,152.4667,60.73,82,75,11.5
222,Lasa,IT,2022-03-31 18:57:41,46.6166,10.7002,46.36,98,100,3.6
223,Port Hardy,CA,2022-03-31 18:57:41,50.6996,-127.4199,46.58,76,75,4.61
224,Tual,ID,2022-03-31 18:58:42,-5.6667,132.75,82.53,68,100,2.93
225,Denpasar,ID,2022-03-31 18:58:42,-8.65,115.2167,80.26,88,40,5.75
226,Barra Do Bugres,BR,2022-03-31 18:58:42,-15.0725,-57.1811,61.25,90,100,7.34
227,Maridi,SS,2022-03-31 18:58:43,4.9158,29.4742,78.15,49,14,4.59
228,Saldanha,ZA,2022-03-31 18:58:43,-33.0117,17.9442,60.85,76,0,23.96
229,Kanker,IN,2022-03-31 18:58:43,20.2719,81.4931,79.32,15,5,5.26
230,Dormidontovka,RU,2022-03-31 18:58:44,47.7702,134.9076,14.77,92,10,8.86
231,Prince Rupert,CA,2022-03-31 18:58:44,54.3161,-130.3201,42.89,81,75,9.22
232,Vrangel,RU,2022-03-31 18:58:45,42.7297,133.0839,33.49,60,0,10.65
233,Keta,GH,2022-03-31 18:58:45,5.9179,0.9879,86.22,81,98,14.67
234,Lagoa,PT,2022-03-31 18:58:45,39.05,-27.9833,61.75,86,100,7.65
235,Maldonado,UY,2022-03-31 18:58:46,-34.6667,-54.9167,61.23,58,92,13.06
236,Jacareacanga,BR,2022-03-31 18:58:46,-6.2222,-57.7528,79.59,78,92,2.15
237,Palmer,US,2022-03-31 18:58:46,42.1584,-72.3287,62.85,92,100,0.0
238,Benghazi,LY,2022-03-31 18:58:47,32.1167,20.0667,78.1,21,86,24.54
239,Mayya,RU,2022-03-31 18:58:47,61.7333,130.2811,-5.69,100,99,2.75
240,Pisco,PE,2022-03-31 18:58:47,-13.7,-76.2167,74.01,60,0,12.66
241,Buritizeiro,BR,2022-03-31 18:58:48,-17.3511,-44.9622,94.01,27,16,3.24
242,San Patricio,US,2022-03-31 18:58:48,28.017,-97.5169,83.16,28,5,4.59
243,Qaqortoq,GL,2022-03-31 18:58:48,60.7167,-46.0333,37.62,79,100,3.94
244,Fort Nelson,CA,2022-03-31 18:58:49,58.8053,-122.7002,22.59,74,100,9.22
245,Shaunavon,CA,2022-03-31 18:58:49,49.6501,-108.4181,38.98,40,95,24.34
246,Puerto Leguizamo,CO,2022-03-31 18:58:49,-0.1934,-74.7819,85.51,66,52,2.04
247,Malm,NO,2022-03-31 18:58:49,64.0721,11.2172,32.79,83,100,1.79
248,Iracoubo,GF,2022-03-31 18:58:50,5.4802,-53.2011,80.58,71,95,10.63
249,Jaciara,BR,2022-03-31 18:58:50,-15.9653,-54.9683,69.69,87,100,8.25
250,Gizo,SB,2022-03-31 18:58:51,-8.103,156.8419,83.46,74,100,9.22
251,Provideniya,RU,2022-03-31 18:58:51,64.3833,-173.3,19.54,80,100,19.35
252,Ponta Do Sol,PT,2022-03-31 18:58:51,32.6667,-17.1,64.71,79,58,4.97
253,Nueve De Julio,AR,2022-03-31 18:58:51,-35.4444,-60.8831,64.53,31,0,5.77
254,Saint Paul,US,2022-03-31 18:56:53,44.9444,-93.0933,34.88,70,100,12.66
255,Lompoc,US,2022-03-31 18:58:52,34.6391,-120.4579,65.12,72,40,14.97
256,Lerik,AZ,2022-03-31 18:58:52,38.7726,48.4128,37.04,67,0,4.16
257,San Cristobal,VE,2022-03-31 18:58:53,7.7669,-72.225,75.38,43,92,6.58
258,Lanigan,CA,2022-03-31 18:58:53,51.8501,-105.0344,42.69,89,100,15.86
259,Pevek,RU,2022-03-31 18:58:53,69.7008,170.3133,-24.25,99,23,5.1
260,Taoudenni,ML,2022-03-31 18:58:54,22.6783,-3.9836,85.37,9,100,6.62
261,Cabo San Lucas,MX,2022-03-31 18:55:52,22.8909,-109.9124,81.7,50,81,5.01
262,Bonthe,SL,2022-03-31 18:58:54,7.5264,-12.505,81.21,80,71,11.63
263,Talcahuano,CL,2022-03-31 18:58:54,-36.7167,-73.1167,59.47,59,5,14.0
264,Port Lincoln,AU,2022-03-31 18:58:55,-34.7333,135.8667,59.95,68,24,22.88
265,Outlook,CA,2022-03-31 18:58:55,51.5001,-107.0513,39.24,87,100,21.43
266,Picton,AU,2022-03-31 18:58:55,-34.1833,150.6,56.75,81,100,9.06
267,Shirokiy,RU,2022-03-31 18:58:56,49.758,129.523,11.64,92,98,5.37
268,San-Pedro,CI,2022-03-31 18:58:56,4.7485,-6.6363,81.21,84,99,8.48
269,Manjacaze,MZ,2022-03-31 18:58:56,-24.7117,33.8828,73.24,87,0,5.37
270,Nigde,TR,2022-03-31 18:58:57,37.8333,34.75,42.85,66,98,6.29
271,Hwange,ZW,2022-03-31 18:59:57,-18.3693,26.5019,73.15,65,96,2.42
272,Ileza,RU,2022-03-31 18:59:57,61.0533,43.9002,20.93,97,100,5.01
273,Birao,CF,2022-03-31 18:59:58,10.2849,22.7882,84.65,11,87,6.04
274,Linqiong,CN,2022-03-31 18:59:58,30.4159,103.4609,51.62,90,100,3.94
275,Lahaina,US,2022-03-31 18:59:40,20.8783,-156.6825,77.95,84,2,10.33
276,Manaus,BR,2022-03-31 18:59:58,-3.1019,-60.025,84.7,83,40,3.44
277,Mogadishu,SO,2022-03-31 18:59:59,2.0371,45.3438,81.77,83,33,16.91
278,Faya,SA,2022-03-31 18:59:59,18.3851,42.4509,64.51,31,0,8.99
279,Puerto Gaitan,CO,2022-03-31 18:59:59,4.3133,-72.0816,95.0,32,45,8.28
280,Gazli,UZ,2022-03-31 19:00:00,40.1333,63.45,60.22,38,61,9.8
281,Alofi,NU,2022-03-31 19:00:01,-19.0595,-169.9187,81.23,74,92,11.36
282,Loubomo,CG,2022-03-31 19:00:01,-4.1997,12.6739,76.21,88,88,4.18
283,Shelburne,CA,2022-03-31 19:00:03,44.0787,-80.2041,55.76,81,56,26.37
284,Aloja,LV,2022-03-31 19:00:04,57.7669,24.8825,26.4,74,6,3.74
285,Arman,RU,2022-03-31 19:00:05,59.7,150.1667,1.74,83,46,9.04
286,Vestmannaeyjar,IS,2022-03-31 19:00:06,63.4427,-20.2734,40.53,67,100,8.66
287,Ancud,CL,2022-03-31 19:00:08,-41.8697,-73.8203,60.22,62,100,3.71
288,Itaituba,BR,2022-03-31 19:00:09,-4.2761,-55.9836,75.61,87,100,1.83
289,Umm Kaddadah,SD,2022-03-31 19:00:11,13.6017,26.6876,80.31,9,31,11.21
290,Egvekinot,RU,2022-03-31 19:00:12,66.3167,-179.1667,3.63,87,100,18.07
291,Biloela,AU,2022-03-31 19:00:13,-24.4167,150.5,68.81,80,17,7.09
292,Fukue,JP,2022-03-31 19:00:13,32.6881,128.8419,55.36,73,100,29.46
293,Srednekolymsk,RU,2022-03-31 19:00:14,67.45,153.6833,-11.74,100,96,1.5
294,Pishin,PK,2022-03-31 19:00:15,30.5803,66.9961,61.86,16,0,2.8
295,Takoradi,GH,2022-03-31 19:00:16,4.8845,-1.7554,81.99,82,99,10.83
296,Machilipatnam,IN,2022-03-31 19:00:17,16.1667,81.1333,80.92,88,6,10.74
297,Chapais,CA,2022-03-31 19:00:17,49.7834,-74.8492,33.58,97,100,13.18
298,Igdir,TR,2022-03-31 19:00:18,39.9237,44.045,48.13,58,2,5.68
299,Tomatlan,MX,2022-03-31 19:00:18,19.9333,-105.25,87.94,27,14,9.42
300,Klaksvik,FO,2022-03-31 19:00:19,62.2266,-6.589,36.52,64,100,6.38
301,Kenai,US,2022-03-31 19:00:22,60.5544,-151.2583,43.03,77,100,10.94
302,Kununurra,AU,2022-03-31 19:00:23,-15.7667,128.7333,71.58,88,96,0.0
303,Shingu,JP,2022-03-31 19:00:23,33.7333,135.9833,46.36,89,100,7.0
304,Mehamn,NO,2022-03-31 19:00:24,71.0357,27.8492,25.12,71,100,9.46
305,Samarinda,ID,2022-03-31 19:00:17,-0.5,117.15,74.43,95,100,0.6
306,Cairns,AU,2022-03-31 19:00:25,-16.9167,145.7667,70.07,77,27,0.0
307,Cruzeiro Do Sul,BR,2022-03-31 19:00:26,-29.5128,-51.9853,70.52,45,0,4.09
308,Guerrero Negro,MX,2022-03-31 19:00:27,27.9769,-114.0611,65.48,60,82,17.02
309,Mhlambanyatsi,SZ,2022-03-31 19:00:27,-26.45,31.0167,58.01,68,0,3.56
310,San Carlos De Bariloche,AR,2022-03-31 19:00:28,-41.1456,-71.3082,64.6,27,79,1.92
311,Sibu,MY,2022-03-31 19:00:28,2.3,111.8167,73.0,99,100,1.12
312,Xai-Xai,MZ,2022-03-31 19:00:29,-25.0519,33.6442,75.79,87,0,7.54
313,Grindavik,IS,2022-03-31 18:57:21,63.8424,-22.4338,43.27,70,75,4.61
314,Letterkenny,IE,2022-03-31 19:00:30,54.95,-7.7333,42.73,56,49,11.52
315,Umm Lajj,SA,2022-03-31 19:00:31,25.0213,37.2685,77.02,56,94,7.45
316,Amapa,BR,2022-03-31 19:00:31,1.0,-52.0,72.82,99,100,1.52
317,Dikson,RU,2022-03-31 19:00:32,73.5069,80.5464,5.76,94,20,8.46
318,Ahipara,NZ,2022-03-31 19:01:32,-35.1667,173.1667,61.39,88,89,2.46
319,Zhigansk,RU,2022-03-31 19:01:32,66.7697,123.3711,8.38,94,99,16.13
320,Northam,GB,2022-03-31 19:01:33,51.0333,-4.2167,43.61,55,98,20.0
321,Potam,MX,2022-03-31 19:01:33,27.6,-110.3833,82.76,21,28,8.68
322,Mahon,ES,2022-03-31 19:01:34,39.8885,4.2658,48.76,93,40,2.3
323,Teguldet,RU,2022-03-31 19:01:34,57.3064,88.1667,34.27,98,100,10.33
324,Bambanglipuro,ID,2022-03-31 19:01:35,-7.95,110.2833,77.32,85,70,5.61
325,Airai,TL,2022-03-31 19:01:35,-8.9266,125.4092,56.57,83,1,2.13
326,Fortuna,US,2022-03-31 19:01:35,40.5982,-124.1573,56.86,63,0,17.27
327,La Ronge,CA,2022-03-31 19:01:36,55.1001,-105.2842,34.09,85,100,7.67
328,Husavik,IS,2022-03-31 19:01:36,66.0449,-17.3389,33.13,96,100,2.21
329,Borovsk,RU,2022-03-31 19:01:37,55.2064,36.4861,31.35,96,100,1.43
330,Buala,SB,2022-03-31 19:01:38,-8.145,159.5921,79.43,84,99,4.16
331,Whitehorse,CA,2022-03-31 19:00:20,60.7161,-135.0538,38.1,57,77,1.01
332,Ibotirama,BR,2022-03-31 19:01:39,-12.1853,-43.2206,97.79,22,55,4.97
333,Biltine,TD,2022-03-31 19:01:39,14.5333,20.9167,87.44,7,4,8.48
334,Semey,KZ,2022-03-31 19:01:40,50.4111,80.2275,31.62,72,100,11.74
335,Dole,FR,2022-03-31 19:01:40,47.0833,5.5,46.02,81,100,5.75
336,Parabel,RU,2022-03-31 19:01:40,58.6978,81.4825,29.53,99,100,2.35
337,Changli,CN,2022-03-31 19:01:41,39.7042,119.1506,40.03,29,0,5.57
338,Atar,MR,2022-03-31 18:58:49,20.5169,-13.0499,85.42,14,0,10.47
339,Duldurga,RU,2022-03-31 19:01:41,50.6761,113.5931,24.12,76,100,4.61
340,Mecca,SA,2022-03-31 18:56:49,21.4267,39.8261,80.67,37,0,4.92
341,Matelandia,BR,2022-03-31 19:01:42,-25.2408,-53.9964,68.63,45,81,7.36
342,Ranong,TH,2022-03-31 19:01:42,9.9658,98.6348,79.23,85,100,3.11
343,Tura,IN,2022-03-31 19:01:43,25.5198,90.2201,69.33,90,40,2.8
344,Semikarakorsk,RU,2022-03-31 19:01:43,47.5194,40.8112,53.13,70,26,8.05
345,Mersing,MY,2022-03-31 19:01:44,2.4312,103.8405,78.19,88,84,2.28
346,Sao Felix Do Xingu,BR,2022-03-31 19:01:44,-6.6447,-51.995,77.31,81,100,3.31
347,Telbang,PH,2022-03-31 19:01:44,16.1722,120.0592,80.55,74,16,10.65
348,Cap Malheureux,MU,2022-03-31 19:01:45,-19.9842,57.6142,79.47,73,100,11.99
349,Zenzeli,RU,2022-03-31 19:01:45,45.9241,47.0474,55.47,51,100,8.34
350,Samarai,PG,2022-03-31 19:01:46,-10.6167,150.6667,81.32,82,100,16.11
351,Lima,PE,2022-03-31 19:00:16,-12.0432,-77.0282,73.4,70,46,8.63
352,Ostrovnoy,RU,2022-03-31 19:01:46,68.0531,39.5131,22.93,78,100,10.67
353,Lufkin,US,2022-03-31 19:01:46,31.3382,-94.7291,69.84,37,0,6.98
354,Gurgentepe,TR,2022-03-31 19:01:47,40.7883,37.6017,39.54,79,37,11.3
355,San Quintin,MX,2022-03-31 19:01:47,30.4833,-115.95,63.25,62,1,17.54
356,Richards Bay,ZA,2022-03-31 19:01:47,-28.783,32.0377,74.34,85,0,9.13
357,Hofn,IS,2022-03-31 19:01:48,64.2539,-15.2082,37.94,61,100,3.87
358,Banos,EC,2022-03-31 19:01:48,-1.4,-78.4167,67.39,78,94,4.21
359,Alexandria,EG,2022-03-31 18:58:31,31.2156,29.9553,66.74,52,0,5.75
360,Leshukonskoye,RU,2022-03-31 19:01:49,64.8989,45.7622,13.87,98,88,1.52
361,Juegang,CN,2022-03-31 19:01:49,32.3174,121.1855,48.97,63,99,12.5
362,Safford,US,2022-03-31 19:01:49,32.834,-109.7076,68.92,30,0,3.44
363,Makakilo City,US,2022-03-31 19:01:24,21.3469,-158.0858,77.29,73,75,0.0
364,Muroto,JP,2022-03-31 19:02:50,33.2833,134.15,51.37,79,100,22.19
365,Kuala Kedah,MY,2022-03-31 19:02:50,6.1,100.3,80.56,82,96,4.12
366,Bintulu,MY,2022-03-31 19:02:50,3.1667,113.0333,75.74,92,100,3.06
367,Tautira,PF,2022-03-31 19:01:25,-17.7333,-149.15,81.05,70,40,11.77
368,Tarauaca,BR,2022-03-31 19:02:51,-8.1614,-70.7656,86.31,70,65,1.23
369,Rawson,AR,2022-03-31 19:00:57,-43.3002,-65.1023,70.65,24,81,6.26
370,Solnechnyy,RU,2022-03-31 19:02:51,50.7214,136.6319,18.18,96,100,4.63
371,Karema,TZ,2022-03-31 19:02:52,-6.8205,30.4389,71.44,85,90,5.57
372,Mvomero,TZ,2022-03-31 19:02:52,-6.25,38.6667,74.55,96,98,2.68
373,Virtsu,EE,2022-03-31 19:02:52,58.5716,23.5115,29.05,52,5,7.25
374,Kibala,TD,2022-03-31 19:02:53,9.1104,18.3463,92.08,17,33,3.06
375,Thinadhoo,MV,2022-03-31 19:02:53,0.5333,72.9333,82.67,71,0,4.54
376,Saint-Pierre,RE,2022-03-31 19:02:53,-21.3393,55.4781,76.68,72,20,13.8
377,Yangambi,CD,2022-03-31 19:02:54,0.8102,24.4336,70.75,96,100,1.57
378,Mandalgovi,MN,2022-03-31 19:02:54,45.7625,106.2708,26.53,54,97,10.96
379,Flinders,AU,2022-03-31 19:02:54,-34.5833,150.8552,58.17,91,100,8.99
380,Musoma,TZ,2022-03-31 19:02:55,-1.5,33.8,73.81,69,100,1.72
381,Mahanoro,MG,2022-03-31 19:02:55,-19.9,48.8,72.41,85,6,5.95
382,Grand Gaube,MU,2022-03-31 19:02:55,-20.0064,57.6608,79.38,73,100,11.99
383,Nyrob,RU,2022-03-31 19:02:56,60.733,56.7202,10.02,95,18,4.27
384,La Rioja,ES,2022-03-31 19:02:56,42.25,-2.5,38.98,98,100,5.68
385,Knyaze-Volkonskoye,RU,2022-03-31 19:02:56,48.4642,135.4567,23.34,86,26,8.77
386,Kalangala,UG,2022-03-31 19:02:57,-0.3089,32.225,72.75,71,73,7.29
387,Perth,AU,2022-03-31 19:02:57,-31.9333,115.8333,75.33,68,0,14.97
388,Tornio,FI,2022-03-31 19:02:57,65.8481,24.1466,28.42,89,83,6.26
389,Lincoln,US,2022-03-31 19:00:03,40.8,-96.667,48.15,57,75,13.8
390,Saint-Augustin,CA,2022-03-31 19:02:58,51.226,-58.6502,35.06,95,9,12.62
391,Te Anau,NZ,2022-03-31 19:02:59,-45.4167,167.7167,47.62,86,100,4.83
392,Sangar,RU,2022-03-31 19:02:59,63.9242,127.4739,-2.38,96,96,4.03
393,Tokmak,UA,2022-03-31 19:02:59,47.2514,35.7058,49.77,75,100,11.97
394,Moose Factory,CA,2022-03-31 19:03:00,51.2585,-80.6094,26.58,86,100,12.66
395,Jardim,BR,2022-03-31 19:03:00,-21.4803,-56.1381,57.07,95,100,8.16
396,Kushmurun,KZ,2022-03-31 19:03:01,52.4503,64.6311,29.57,85,72,13.35
397,Kalakamati,BW,2022-03-31 19:03:01,-20.5929,27.3121,67.78,34,0,9.17
398,Kilimatinde,TZ,2022-03-31 19:03:02,-5.85,34.95,67.64,89,59,3.83
399,Concepcion Del Oro,MX,2022-03-31 19:03:03,24.6333,-101.4167,69.93,8,95,7.2
400,Wanning,CN,2022-03-31 19:03:03,18.8003,110.3967,74.61,94,100,6.93
401,Farah,AF,2022-03-31 19:03:04,32.5,62.5,64.51,8,100,2.53
402,Svetlyy,RU,2022-03-31 19:03:04,54.675,20.1347,35.65,63,100,12.59
403,Ereymentau,KZ,2022-03-31 19:03:04,51.6199,73.1033,30.25,80,100,9.71
404,Magadi,IN,2022-03-31 19:03:05,12.9667,77.2333,79.0,30,65,4.45
405,Yulara,AU,2022-03-31 19:03:05,-25.2406,130.9889,58.21,45,25,10.51
406,Wahiawa,US,2022-03-31 19:03:05,21.5028,-158.0236,76.46,74,33,9.15
407,Autun,FR,2022-03-31 19:04:06,46.95,4.3,38.5,97,100,5.39
408,Sur,OM,2022-03-31 19:04:06,22.5667,59.5289,81.57,40,0,6.38
409,Virginia Beach,US,2022-03-31 19:01:13,36.8529,-75.978,75.02,71,100,8.99
410,Sernur,RU,2022-03-31 19:04:07,56.9333,49.1536,23.43,93,100,6.02
411,Khuzhir,RU,2022-03-31 19:04:07,53.1939,107.3397,19.18,94,75,7.38
412,Wangqing,CN,2022-03-31 19:04:07,43.3218,129.7634,28.36,51,1,3.29
413,Aldan,RU,2022-03-31 19:04:08,58.6031,125.3894,20.52,96,100,4.94
414,Itoman,JP,2022-03-31 19:04:08,26.1247,127.6694,69.82,73,100,25.32
415,Kampene,CD,2022-03-31 19:04:09,-3.6,26.6667,67.78,96,97,1.95
416,Nerchinskiy Zavod,RU,2022-03-31 19:04:09,51.3088,119.61,17.08,69,43,4.0
417,Haines Junction,CA,2022-03-31 19:04:09,60.7522,-137.5108,29.21,84,97,2.3
418,Yalvac,TR,2022-03-31 19:04:10,38.2956,31.1778,50.25,51,100,3.53
419,Bogandinskiy,RU,2022-03-31 19:04:10,56.8937,65.8938,26.87,98,100,2.95
420,Ulladulla,AU,2022-03-31 19:04:11,-35.35,150.4667,58.77,83,100,22.17
421,Corner Brook,CA,2022-03-31 19:00:19,48.9667,-57.9484,32.79,85,86,10.29
422,Yaan,NG,2022-03-31 19:04:11,7.3833,8.5667,94.42,25,39,3.36
423,Doha,QA,2022-03-31 19:00:05,25.2867,51.5333,75.18,29,0,6.91
424,Acapulco,MX,2022-03-31 19:01:52,16.8634,-99.8901,82.49,47,63,10.09
425,Enid,US,2022-03-31 19:00:52,36.3956,-97.8784,53.98,65,75,9.22
426,Batagay-Alyta,RU,2022-03-31 19:04:12,67.8006,130.4114,-9.98,88,100,2.98
427,Isiro,CD,2022-03-31 19:04:12,2.7739,27.616,70.27,72,28,2.8
428,Shitkino,RU,2022-03-31 19:04:13,56.3703,98.3543,36.55,86,100,13.78
429,Napasar,IN,2022-03-31 19:04:13,27.9667,73.55,83.07,8,0,8.14
430,Chilca,PE,2022-03-31 19:04:13,-12.5211,-76.7372,70.79,80,72,7.49
431,Hermiston,US,2022-03-31 19:04:14,45.8404,-119.2895,57.2,41,40,6.91
432,Cooma,AU,2022-03-31 19:04:14,-36.2333,149.1333,44.37,100,100,10.36
433,San Bartolome De Tirajana,ES,2022-03-31 19:04:14,27.9248,-15.5733,56.32,71,20,20.71
434,Ipueiras,BR,2022-03-31 19:04:15,-7.0333,-40.45,81.46,54,100,8.66
435,Kirkwall,GB,2022-03-31 19:04:15,58.9848,-2.9587,37.45,87,40,17.27
436,Natchitoches,US,2022-03-31 19:04:16,31.7668,-93.1335,67.05,39,0,8.05
437,Micheweni,TZ,2022-03-31 19:04:16,-4.9667,39.8333,80.56,82,100,7.18
438,Eureka,US,2022-03-31 19:04:16,40.8021,-124.1637,58.75,69,100,8.99
439,Solin,HR,2022-03-31 19:04:17,43.55,16.5,56.52,88,75,6.91
440,Kushalgarh,IN,2022-03-31 19:04:17,23.199,74.4507,84.65,15,0,12.71
441,Pacific Grove,US,2022-03-31 19:01:41,36.6177,-121.9166,62.22,78,40,8.99
442,Talpa,MX,2022-03-31 19:04:18,28.8257,-111.6257,84.56,29,9,4.0
443,Illela,NG,2022-03-31 19:04:18,13.7292,5.2975,85.1,6,5,4.12
444,Lumberton,US,2022-03-31 19:02:16,34.6182,-79.0086,75.29,89,100,21.34
445,Zeliezovce,SK,2022-03-31 19:04:18,48.0508,18.6542,49.75,87,100,7.0
446,Bom Jesus,BR,2022-03-31 19:00:54,-9.0744,-44.3586,92.46,33,100,6.2
447,Hohhot,CN,2022-03-31 19:04:19,40.8106,111.6522,36.99,33,22,1.77
448,Shenkursk,RU,2022-03-31 19:04:20,62.1091,42.896,16.16,93,92,5.19
449,Macapa,BR,2022-03-31 19:04:20,0.0389,-51.0664,76.53,89,100,0.92
450,Lagunillas,VE,2022-03-31 19:04:20,10.1301,-71.2595,80.87,72,100,6.17
451,Melito Di Porto Salvo,IT,2022-03-31 19:04:21,37.9222,15.7714,61.54,77,75,9.22
452,Damietta,EG,2022-03-31 19:05:21,31.4165,31.8133,61.29,75,0,12.17
453,Westport,US,2022-03-31 19:05:21,41.1415,-73.3579,63.93,88,100,28.77
454,Turukhansk,RU,2022-03-31 19:05:23,65.8167,87.9833,15.66,92,100,27.27
455,Bushenyi,UG,2022-03-31 19:05:23,-0.5853,30.2114,60.71,92,16,1.66
456,Sibolga,ID,2022-03-31 19:05:24,1.7427,98.7792,75.79,84,100,2.62
457,Kirakira,SB,2022-03-31 19:05:24,-10.4544,161.9205,79.18,85,100,2.08
458,Bushehr,IR,2022-03-31 19:05:25,28.9684,50.8385,66.29,55,0,4.61
459,Geraldton,AU,2022-03-31 19:05:25,-28.7667,114.6,73.81,78,75,11.5
460,Wattegama,LK,2022-03-31 19:05:25,6.7989,81.4808,74.41,95,9,1.99
461,Yanam,IN,2022-03-31 19:03:30,16.7333,82.2167,78.22,97,17,3.87
462,Chokurdakh,RU,2022-03-31 19:05:26,70.6333,147.9167,-32.26,100,100,2.77
463,Wajir,KE,2022-03-31 19:02:19,1.7471,40.0573,86.59,47,39,5.93
464,Pasni,PK,2022-03-31 19:05:27,25.2631,63.471,81.27,35,0,12.77
465,Auki,SB,2022-03-31 19:05:27,-8.7676,160.7034,77.86,85,100,2.53
466,Lavassaare,EE,2022-03-31 19:05:27,58.5114,24.3889,28.31,86,53,0.0
467,Kaoma,ZM,2022-03-31 19:05:29,-14.7833,24.8,64.22,95,78,4.43
468,Sanary-Sur-Mer,FR,2022-03-31 19:05:29,43.1178,5.8001,60.75,53,79,11.01
469,Puerto Escondido,MX,2022-03-31 19:05:30,15.85,-97.0667,83.23,78,0,11.5
470,Haukipudas,FI,2022-03-31 19:05:30,65.1765,25.3523,21.25,89,84,3.58
471,Vardo,NO,2022-03-31 19:03:09,70.3705,31.1107,24.78,74,75,18.41
472,Liepaja,LV,2022-03-31 19:01:24,56.5419,21.0367,30.18,69,0,2.3
473,Luena,AO,2022-03-31 19:05:31,-11.7833,19.9167,65.44,89,97,3.53
474,Neiafu,TO,2022-03-31 19:05:31,-18.65,-173.9833,81.95,77,91,13.09
475,Juba,SS,2022-03-31 19:05:32,4.8517,31.5825,89.51,34,91,2.04
476,Bloemfontein,ZA,2022-03-31 19:05:18,-29.1211,26.214,67.41,45,80,2.01
477,Champaign,US,2022-03-31 19:00:48,40.1334,-88.2001,39.7,84,100,17.27
478,Berlevag,NO,2022-03-31 19:05:32,70.8578,29.0864,26.55,63,75,6.91
479,Worland,US,2022-03-31 19:05:33,44.0169,-107.9554,51.15,36,40,17.27
480,Tashla,RU,2022-03-31 19:05:33,51.7716,52.7427,38.14,99,100,6.31
481,Roald,NO,2022-03-31 19:05:33,62.5833,6.1333,38.75,86,0,3.44
482,Maniitsoq,GL,2022-03-31 19:05:34,65.4167,-52.9,30.4,81,35,6.08
483,Vila Velha,BR,2022-03-31 19:05:34,-20.3297,-40.2925,87.75,71,20,11.5
484,Kattivakkam,IN,2022-03-31 19:05:34,13.2167,80.3167,84.29,90,6,12.88
485,Hereford,GB,2022-03-31 19:05:35,52.0568,-2.7148,40.05,77,94,3.0
486,Alugan,PH,2022-03-31 19:05:35,12.2188,125.4808,79.59,84,100,9.71
487,Oussouye,SN,2022-03-31 19:05:36,12.485,-16.5469,76.15,57,100,13.02
488,Sexsmith,CA,2022-03-31 19:05:36,55.35,-118.786,40.98,48,16,9.19
489,Athabasca,CA,2022-03-31 19:05:37,54.7169,-113.2854,38.34,74,98,17.27
490,Vanimo,PG,2022-03-31 19:05:37,-2.6741,141.3028,77.47,88,100,8.43
491,Jumla,NP,2022-03-31 19:05:37,29.2747,82.1838,48.13,55,0,3.78
492,Kurchum,KZ,2022-03-31 19:05:38,48.5722,83.6542,30.38,54,24,6.93
493,Beloha,MG,2022-03-31 19:05:39,-25.1667,45.05,72.3,81,0,13.69
494,Kavaratti,IN,2022-03-31 19:05:39,10.5669,72.642,83.39,77,8,10.67
495,Teguise,ES,2022-03-31 19:05:39,29.0605,-13.564,64.62,64,20,18.41
496,Mugur-Aksy,RU,2022-03-31 19:05:40,50.35,90.5,10.2,59,93,5.93
497,Kyren,RU,2022-03-31 19:06:40,51.6828,102.1408,19.96,78,42,2.35
498,Saint-Joseph,RE,2022-03-31 19:06:40,-21.3667,55.6167,75.58,76,77,15.7
499,Kangaatsiaq,GL,2022-03-31 19:06:41,68.3065,-53.4641,15.93,92,88,4.7
500,Yatou,CN,2022-03-31 19:05:11,37.15,122.3833,39.83,64,76,13.91
501,Soller,ES,2022-03-31 19:06:41,39.7662,2.7152,56.91,76,100,1.99
502,Chulman,RU,2022-03-31 19:06:41,56.8479,124.9104,18.54,94,100,5.32
503,Katherine,AU,2022-03-31 19:06:42,-14.4667,132.2667,70.12,64,86,3.44
504,Elko,US,2022-03-31 19:06:29,41.0002,-115.5012,44.64,54,100,5.99
505,Vallenar,CL,2022-03-31 19:06:42,-28.5708,-70.7581,82.13,30,0,9.17
506,Belmonte,BR,2022-03-31 19:06:43,-15.8631,-38.8828,82.36,66,0,7.78
507,Contamana,PE,2022-03-31 19:06:43,-7.3333,-75.0167,91.47,46,100,5.39
508,Henties Bay,NA,2022-03-31 19:06:43,-22.116,14.2845,63.54,82,0,9.66
509,Katangli,RU,2022-03-31 19:06:44,51.7102,143.2326,6.49,90,8,7.52
510,Svetlaya,RU,2022-03-31 19:06:44,46.5389,138.3297,22.51,75,65,8.43
511,Hasaki,JP,2022-03-31 19:06:44,35.7333,140.8333,39.6,94,100,29.84
512,Sarankhola,BD,2022-03-31 19:06:45,22.3082,89.7897,78.26,86,1,6.15
513,Huancabamba,PE,2022-03-31 19:06:45,-5.2386,-79.4506,64.81,93,100,2.66
514,Weihe,CN,2022-03-31 19:06:46,32.9952,105.3247,45.95,76,100,0.4
515,Yukamenskoye,RU,2022-03-31 19:06:46,57.8865,52.2416,12.22,91,100,4.03
516,Birnin Kebbi,NG,2022-03-31 19:06:47,12.4539,4.1975,87.67,9,1,2.68
517,Turquel,PT,2022-03-31 19:06:48,39.4641,-8.9774,54.64,83,6,14.09
518,Hurzuf,UA,2022-03-31 19:06:48,44.55,34.2833,52.52,64,100,0.78
519,San Carlos,VE,2022-03-31 19:06:06,9.6612,-68.5827,97.32,24,100,5.53
520,Necochea,AR,2022-03-31 19:06:48,-38.5473,-58.7368,59.2,64,99,11.7
521,Chicama,PE,2022-03-31 19:06:49,-7.8447,-79.1469,70.34,60,60,11.39
522,Tres Arroyos,AR,2022-03-31 19:06:49,-38.3739,-60.2798,62.55,35,0,6.6
523,Watsa,CD,2022-03-31 19:06:49,3.0372,29.5355,66.42,73,16,3.02
524,Quatre Cocos,MU,2022-03-31 19:06:50,-20.2078,57.7625,79.09,77,100,18.39
525,Beyneu,KZ,2022-03-31 19:06:50,45.3167,55.2,52.81,46,3,8.75
526,Padang,ID,2022-03-31 19:06:50,-0.9492,100.3543,75.76,80,57,4.0
527,Severnoye,RU,2022-03-31 19:06:51,56.3491,78.3619,34.05,90,100,17.09
528,Nuuk,GL,2022-03-31 19:06:51,64.1835,-51.7216,34.41,80,40,6.91
529,Camopi,GF,2022-03-31 19:06:51,3.1655,-52.3158,75.34,97,100,2.59
530,Xining,CN,2022-03-31 19:06:52,36.6167,101.7667,35.1,75,100,6.08
531,Ilebo,CD,2022-03-31 19:06:52,-4.3167,20.5833,79.39,64,80,0.85
532,Dudinka,RU,2022-03-31 19:06:52,69.4058,86.1778,14.59,97,100,2.33
533,Luanda,AO,2022-03-31 19:06:01,-8.8368,13.2343,78.64,89,100,12.01
534,Kathu,TH,2022-03-31 19:06:53,7.9178,98.3332,86.76,81,100,10.36
535,Trincomalee,LK,2022-03-31 19:06:53,8.5711,81.2335,80.76,82,2,8.01
536,Lufilufi,WS,2022-03-31 19:06:53,-13.8745,-171.5986,82.67,69,100,15.66
537,Smoky Lake,CA,2022-03-31 19:06:54,54.1169,-112.4686,36.86,81,100,14.74
