City_ID,City,Country,Date,Lat,Lng,Max Temp,Humidity,Cloudiness,Wind Speed,Description
0,Sorong,ID,2022-04-02 16:39:33,-0.8833,131.25,79.41,81,100,4.83,overcast clouds
1,Albany,US,2022-04-02 16:37:53,42.6001,-73.9662,46.17,43,4,4.0,clear sky
2,Avarua,CK,2022-04-02 16:39:33,-21.2078,-159.775,73.45,94,85,2.3,overcast clouds
3,Cidreira,BR,2022-04-02 16:39:33,-30.1811,-50.2056,71.8,68,5,13.8,clear sky
4,Jamestown,US,2022-04-02 16:39:34,42.097,-79.2353,42.03,48,0,4.61,clear sky
5,Vaini,TO,2022-04-02 16:39:34,-21.2,-175.2,71.76,100,20,0.0,few clouds
6,Punta Arenas,CL,2022-04-02 16:36:05,-53.15,-70.9167,42.91,93,100,12.66,light intensity drizzle
7,Terekli-Mekteb,RU,2022-04-02 16:39:34,44.1671,45.8698,60.76,53,16,4.09,few clouds
8,Rikitea,PF,2022-04-02 16:39:35,-23.1203,-134.9692,74.17,57,48,8.19,scattered clouds
9,Ushuaia,AR,2022-04-02 16:39:35,-54.8,-68.3,42.42,93,100,6.91,drizzle
10,Hirara,JP,2022-04-02 16:39:35,24.8,125.2833,66.11,81,100,28.95,light rain
11,Yemelyanovo,RU,2022-04-02 16:35:27,56.1681,92.6767,31.08,80,40,11.18,scattered clouds
12,Kapaa,US,2022-04-02 16:38:47,22.0752,-159.319,71.92,94,40,16.11,scattered clouds
13,Port Elizabeth,ZA,2022-04-02 16:36:26,-33.918,25.5701,64.69,83,75,4.0,broken clouds
14,Mataura,NZ,2022-04-02 16:39:36,-46.1927,168.8643,46.13,98,68,2.35,broken clouds
15,Eureka,US,2022-04-02 16:39:36,40.8021,-124.1637,53.2,85,6,4.0,clear sky
16,Soyo,AO,2022-04-02 16:39:37,-6.1349,12.3689,78.49,88,100,9.55,light rain
17,Busselton,AU,2022-04-02 16:39:37,-33.65,115.3333,71.85,73,98,5.5,overcast clouds
18,Padang,ID,2022-04-02 16:39:37,-0.9492,100.3543,76.44,81,7,4.25,clear sky
19,Gorin,RU,2022-04-02 16:39:38,51.1983,136.6669,28.96,89,100,5.26,overcast clouds
20,Mar Del Plata,AR,2022-04-02 16:37:45,-38.0023,-57.5575,68.02,61,20,20.71,few clouds
21,Sabang,ID,2022-04-02 16:36:21,5.8933,95.3214,82.69,74,100,7.67,moderate rain
22,Nicolas De Pierola,PE,2022-04-02 16:39:38,-11.95,-76.7,55.69,63,62,9.1,broken clouds
23,Castro,BR,2022-04-02 16:39:38,-24.7911,-50.0119,65.3,81,100,8.37,overcast clouds
24,Aykhal,RU,2022-04-02 16:39:39,66.0,111.5,11.07,95,100,13.18,light snow
25,Zaragoza,ES,2022-04-02 16:37:44,41.6561,-0.8773,50.45,25,20,32.21,few clouds
26,Tabora,TZ,2022-04-02 16:39:39,-5.0167,32.8,71.08,70,49,1.28,scattered clouds
27,Itarema,BR,2022-04-02 16:39:40,-2.9248,-39.9167,82.24,75,89,8.55,overcast clouds
28,New Norfolk,AU,2022-04-02 16:39:40,-42.7826,147.0587,54.9,69,72,1.39,broken clouds
29,Merauke,ID,2022-04-02 16:39:40,-8.4667,140.3333,79.54,74,100,3.6,overcast clouds
30,Mutum,BR,2022-04-02 16:39:40,-19.8,-41.4383,82.76,65,69,1.23,broken clouds
31,Broome,US,2022-04-02 16:39:41,42.2506,-75.833,41.63,60,100,9.22,overcast clouds
32,Isangel,VU,2022-04-02 16:39:41,-19.55,169.2667,79.84,87,100,8.25,light rain
33,Tazovskiy,RU,2022-04-02 16:39:41,67.4667,78.7,-1.16,100,44,7.14,scattered clouds
34,Betlitsa,RU,2022-04-02 16:39:42,54.0095,33.9588,31.28,97,100,13.22,snow
35,Saint George,US,2022-04-02 16:38:31,37.1041,-113.5841,65.62,31,0,0.0,clear sky
36,Mandalgovi,MN,2022-04-02 16:39:42,45.7625,106.2708,39.0,20,6,7.49,clear sky
37,Upernavik,GL,2022-04-02 16:39:43,72.7868,-56.1549,14.16,92,93,12.26,overcast clouds
38,Point Pedro,LK,2022-04-02 16:39:43,9.8167,80.2333,81.21,79,22,7.85,few clouds
39,Touros,BR,2022-04-02 16:39:43,-5.1989,-35.4608,85.12,67,100,13.91,overcast clouds
40,Buraydah,SA,2022-04-02 16:39:44,26.326,43.975,88.25,9,89,11.5,overcast clouds
41,Yellowknife,CA,2022-04-02 16:39:44,62.456,-114.3525,-0.71,64,75,4.61,broken clouds
42,Bengkulu,ID,2022-04-02 16:39:44,-3.8004,102.2655,77.54,80,95,4.81,overcast clouds
43,Hermanus,ZA,2022-04-02 16:39:44,-34.4187,19.2345,63.81,70,93,18.01,overcast clouds
44,Bambous Virieux,MU,2022-04-02 16:39:45,-20.3428,57.7575,75.22,100,75,11.5,heavy intensity rain
45,Carnarvon,AU,2022-04-02 16:39:45,-24.8667,113.6333,77.07,83,40,5.75,scattered clouds
46,Bandarbeyla,SO,2022-04-02 16:39:45,9.4942,50.8122,79.81,78,11,7.74,few clouds
47,Guerrero Negro,MX,2022-04-02 16:39:46,27.9769,-114.0611,64.06,61,5,9.44,clear sky
48,Chissamba,AO,2022-04-02 16:40:46,-12.1667,17.3333,68.41,87,96,2.37,light rain
49,Bluff,NZ,2022-04-02 16:40:46,-46.6,168.3333,57.4,72,67,17.67,broken clouds
50,Nyrob,RU,2022-04-02 16:40:47,60.733,56.7202,16.52,91,94,4.41,overcast clouds
51,La Ligua,CL,2022-04-02 16:40:47,-32.4524,-71.2311,73.22,43,0,7.02,clear sky
52,Matagami,CA,2022-04-02 16:40:47,49.7502,-77.6328,35.71,60,75,8.05,broken clouds
53,Cape Town,ZA,2022-04-02 16:40:48,-33.9258,18.4232,70.21,60,20,20.71,few clouds
54,Taltal,CL,2022-04-02 16:40:48,-25.4,-70.4833,67.57,68,0,6.85,clear sky
55,Chakia,IN,2022-04-02 16:40:48,26.4167,85.05,83.59,48,10,10.69,clear sky
56,Jamame,SO,2022-04-02 16:40:49,0.0722,42.7506,80.91,75,76,11.86,broken clouds
57,Ponta Do Sol,PT,2022-04-02 16:40:49,32.6667,-17.1,65.12,76,82,7.9,broken clouds
58,Katsuura,JP,2022-04-02 16:40:49,35.1333,140.3,51.51,63,100,9.64,moderate rain
59,Constitucion,CL,2022-04-02 16:40:50,-35.3333,-72.4167,65.57,60,3,11.61,clear sky
60,Hithadhoo,MV,2022-04-02 16:40:50,-0.6,73.0833,83.32,68,16,4.47,few clouds
61,Mareeba,AU,2022-04-02 16:40:50,-17.0,145.4333,68.72,98,96,2.06,overcast clouds
62,Desur,IN,2022-04-02 16:40:51,12.4333,79.4833,79.74,81,37,5.32,scattered clouds
63,Kalemie,CD,2022-04-02 16:40:51,-5.9475,29.1947,74.66,82,100,6.49,overcast clouds
64,Dikson,RU,2022-04-02 16:40:51,73.5069,80.5464,-5.46,100,95,7.52,overcast clouds
65,Torres,BR,2022-04-02 16:40:51,-29.3353,-49.7269,70.48,71,43,8.32,scattered clouds
66,Bredasdorp,ZA,2022-04-02 16:40:52,-34.5322,20.0403,62.62,69,87,14.41,light rain
67,Ludvika,SE,2022-04-02 16:40:52,60.1496,15.1878,40.77,52,50,7.2,scattered clouds
68,Walvis Bay,NA,2022-04-02 16:40:52,-22.9575,14.5053,59.09,75,15,12.08,few clouds
69,Atuona,PF,2022-04-02 16:40:53,-9.8,-139.0333,78.67,75,6,15.12,clear sky
70,Cayenne,GF,2022-04-02 16:40:24,4.9333,-52.3333,80.1,1,75,6.91,moderate rain
71,Chuy,UY,2022-04-02 16:40:53,-33.6971,-53.4616,69.01,57,49,7.16,scattered clouds
72,Rio Grande,BR,2022-04-02 16:40:53,-32.035,-52.0986,77.11,56,1,10.63,clear sky
73,Chipata,ZM,2022-04-02 16:40:54,-13.6333,32.65,65.55,94,54,3.85,light rain
74,Airai,TL,2022-04-02 16:40:54,-8.9266,125.4092,57.52,83,19,1.39,few clouds
75,Cabedelo,BR,2022-04-02 16:40:55,-6.9811,-34.8339,88.47,70,83,13.44,broken clouds
76,Dangara,IN,2022-04-02 16:40:56,29.6799,75.8931,81.54,7,0,5.48,clear sky
77,Saraland,US,2022-04-02 16:40:56,30.8207,-88.0706,69.42,50,86,5.84,overcast clouds
78,Murgab,TM,2022-04-02 16:40:57,37.4966,61.9714,69.67,40,100,6.91,overcast clouds
79,Victoria,HK,2022-04-02 16:36:50,22.2855,114.1577,61.32,68,100,4.0,overcast clouds
80,Vardo,NO,2022-04-02 16:40:57,70.3705,31.1107,26.78,70,100,0.87,overcast clouds
81,Malur,IN,2022-04-02 16:40:57,13.0075,77.9378,86.02,39,24,8.25,few clouds
82,Kaitangata,NZ,2022-04-02 16:40:58,-46.2817,169.8464,48.69,94,25,6.2,scattered clouds
83,Kieta,PG,2022-04-02 16:40:58,-6.2167,155.6333,77.92,82,99,2.37,light rain
84,Conde,BR,2022-04-02 16:40:58,-7.2597,-34.9075,87.26,62,40,13.8,scattered clouds
85,Lancaster,US,2022-04-02 16:38:43,40.2504,-76.2499,48.7,52,0,8.05,clear sky
86,Narsaq,GL,2022-04-02 16:40:59,60.9167,-46.05,44.82,81,100,3.76,overcast clouds
87,Kiunga,PG,2022-04-02 16:40:59,-6.1219,141.2906,72.46,96,100,1.79,overcast clouds
88,Bethel,US,2022-04-02 16:40:59,41.3712,-73.414,49.59,49,0,10.36,clear sky
89,Klaksvik,FO,2022-04-02 16:41:00,62.2266,-6.589,41.92,82,88,8.55,overcast clouds
90,Fortuna,US,2022-04-02 16:37:07,40.5982,-124.1573,52.93,85,0,6.91,clear sky
91,Chagoda,RU,2022-04-02 16:41:00,59.164,35.3285,21.67,93,100,5.19,overcast clouds
92,Moscow,RU,2022-04-02 16:40:08,55.7522,37.6156,32.23,97,100,14.25,snow
93,Grand Forks,US,2022-04-02 16:36:47,47.9417,-97.4337,35.53,60,100,14.97,overcast clouds
94,Puerto Ayora,EC,2022-04-02 16:41:01,-0.7393,-90.3518,84.16,91,31,5.01,scattered clouds
95,Osny,FR,2022-04-02 16:42:01,49.0594,2.0618,44.85,55,40,18.41,scattered clouds
96,Butaritari,KI,2022-04-02 16:42:02,3.0707,172.7902,81.39,75,42,14.9,scattered clouds
97,Goundi,TD,2022-04-02 16:42:02,9.3627,17.366,99.45,9,31,3.67,scattered clouds
98,Horadiz,AZ,2022-04-02 16:42:03,39.4488,47.3353,63.37,47,27,1.79,scattered clouds
99,Hailey,US,2022-04-02 16:39:26,43.5196,-114.3153,50.88,46,40,9.22,scattered clouds
100,Chicama,PE,2022-04-02 16:42:03,-7.8447,-79.1469,66.74,62,94,9.51,overcast clouds
101,Port Alfred,ZA,2022-04-02 16:41:39,-33.5906,26.891,64.18,90,100,1.01,overcast clouds
102,Mackay,AU,2022-04-02 16:42:04,-21.15,149.2,71.69,88,40,5.75,scattered clouds
103,Sola,VU,2022-04-02 16:42:05,-13.8833,167.55,79.11,80,100,8.41,moderate rain
104,Nikolskoye,RU,2022-04-02 16:42:06,59.7035,30.7861,31.89,94,48,4.99,scattered clouds
105,Udachnyy,RU,2022-04-02 16:42:06,66.4167,112.4,14.45,100,100,6.51,light snow
106,Almaznyy,RU,2022-04-02 16:42:07,48.0448,40.045,55.42,61,55,16.98,broken clouds
107,Port-Gentil,GA,2022-04-02 16:42:07,-0.7193,8.7815,80.94,75,100,12.06,overcast clouds
108,Maceio,BR,2022-04-02 16:42:08,-9.6658,-35.7353,87.24,51,40,9.22,scattered clouds
109,Ribeira Grande,PT,2022-04-02 16:42:08,38.5167,-28.7,63.0,63,20,16.11,few clouds
110,Lompoc,US,2022-04-02 16:42:09,34.6391,-120.4579,61.92,87,100,7.0,mist
111,Alihe,CN,2022-04-02 16:42:09,50.5667,123.7167,28.92,82,5,3.09,clear sky
112,Tuktoyaktuk,CA,2022-04-02 16:42:09,69.4541,-133.0374,-23.8,76,40,9.22,scattered clouds
113,Meulaboh,ID,2022-04-02 16:42:10,4.1363,96.1285,78.35,85,100,2.57,overcast clouds
114,Hobart,AU,2022-04-02 16:42:10,-42.8794,147.3294,55.26,84,100,6.91,overcast clouds
115,Nesoddtangen,NO,2022-04-02 16:42:11,59.8655,10.6594,46.51,33,51,1.12,broken clouds
116,Lagoa,PT,2022-04-02 16:37:40,39.05,-27.9833,58.89,67,6,11.79,clear sky
117,Glens Falls,US,2022-04-02 16:38:22,43.3095,-73.644,49.21,33,0,8.05,clear sky
118,Kloulklubed,PW,2022-04-02 16:42:11,7.0419,134.2556,73.9,76,100,6.24,overcast clouds
119,Hit,IQ,2022-04-02 16:42:12,33.6416,42.8251,78.12,17,30,5.37,scattered clouds
120,Sakakah,SA,2022-04-02 16:42:12,29.9697,40.2064,90.97,11,100,9.08,overcast clouds
121,Thompson,CA,2022-04-02 16:42:13,55.7435,-97.8558,17.76,57,20,9.22,few clouds
122,Rocha,UY,2022-04-02 16:42:14,-34.4833,-54.3333,72.95,42,0,8.41,clear sky
123,Stonewall,CA,2022-04-02 16:42:14,50.1344,-97.3268,30.78,81,96,12.82,overcast clouds
124,Sungaipenuh,ID,2022-04-02 16:42:15,-2.0833,101.3833,63.37,91,52,0.96,broken clouds
125,Coffs Harbour,AU,2022-04-02 16:38:37,-30.3,153.1333,64.13,94,52,2.3,broken clouds
126,Bosaso,SO,2022-04-02 16:42:15,11.2842,49.1816,80.74,75,13,1.25,few clouds
127,Hilo,US,2022-04-02 16:42:16,19.7297,-155.09,69.53,89,75,5.75,moderate rain
128,Sao Filipe,CV,2022-04-02 16:42:16,14.8961,-24.4956,72.27,77,64,9.44,broken clouds
129,Hilton Head Island,US,2022-04-02 16:40:37,32.2163,-80.7526,71.01,70,0,11.5,clear sky
130,Sitka,US,2022-04-02 16:42:17,57.0531,-135.33,42.69,61,100,18.41,overcast clouds
131,Shakawe,BW,2022-04-02 16:42:17,-18.3667,21.85,78.53,45,70,4.47,broken clouds
132,Caravelas,BR,2022-04-02 16:42:17,-17.7125,-39.2481,85.3,57,9,8.41,clear sky
133,Muros,ES,2022-04-02 16:42:18,42.7762,-9.0603,59.68,43,2,17.29,clear sky
134,Korla,CN,2022-04-02 16:42:18,41.7597,86.1469,56.84,30,65,1.57,broken clouds
135,Saldanha,ZA,2022-04-02 16:42:19,-33.0117,17.9442,75.25,67,0,24.11,clear sky
136,Arkansas City,US,2022-04-02 16:38:47,37.062,-97.0384,60.62,54,0,10.36,clear sky
137,Beyneu,KZ,2022-04-02 16:41:19,45.3167,55.2,63.18,39,100,13.35,overcast clouds
138,Komsomolskiy,UZ,2022-04-02 16:43:20,40.4272,71.7189,65.12,39,9,2.3,clear sky
139,Salalah,OM,2022-04-02 16:43:21,17.0151,54.0924,82.49,78,0,2.3,clear sky
140,Nara,JP,2022-04-02 16:43:21,34.6851,135.8049,49.5,58,99,3.51,overcast clouds
141,Lokosovo,RU,2022-04-02 16:43:21,61.1333,74.8167,13.39,97,80,4.63,broken clouds
142,Faanui,PF,2022-04-02 16:43:22,-16.4833,-151.75,81.93,72,100,5.97,overcast clouds
143,Leshukonskoye,RU,2022-04-02 16:43:22,64.8989,45.7622,15.85,93,83,3.15,broken clouds
144,Pevek,RU,2022-04-02 16:43:23,69.7008,170.3133,-9.85,98,100,2.26,overcast clouds
145,Olafsvik,IS,2022-04-02 16:43:23,64.8945,-23.7142,41.16,96,100,18.28,moderate rain
146,Altay,CN,2022-04-02 16:43:23,47.8667,88.1167,34.47,48,89,9.4,overcast clouds
147,Alice Springs,AU,2022-04-02 16:41:12,-23.7,133.8833,62.15,48,42,3.44,scattered clouds
148,Esterhazy,CA,2022-04-02 16:43:24,50.65,-102.0843,25.65,88,35,4.76,scattered clouds
149,San Clemente,US,2022-04-02 16:43:25,33.427,-117.612,62.78,85,56,3.0,broken clouds
150,Zhanaozen,KZ,2022-04-02 16:43:25,43.3,52.8,65.7,26,28,17.02,scattered clouds
151,Luderitz,NA,2022-04-02 16:42:59,-26.6481,15.1594,64.92,71,0,21.14,clear sky
152,Umm Lajj,SA,2022-04-02 16:43:25,25.0213,37.2685,82.56,39,35,7.72,scattered clouds
153,Ancud,CL,2022-04-02 16:43:26,-41.8697,-73.8203,52.23,82,100,17.54,overcast clouds
154,Tasiilaq,GL,2022-04-02 16:40:23,65.6145,-37.6368,33.96,95,100,26.42,snow
155,Minab,IR,2022-04-02 16:43:26,27.1467,57.0801,77.32,57,0,0.0,clear sky
156,Khazar,RU,2022-04-02 16:43:27,41.9974,48.3332,62.96,55,38,6.93,scattered clouds
157,Port Lincoln,AU,2022-04-02 16:42:47,-34.7333,135.8667,60.24,79,80,10.51,broken clouds
158,Sao Luis,BR,2022-04-02 16:43:27,-2.5297,-44.3028,89.8,66,40,9.22,scattered clouds
159,Bad Wurzach,DE,2022-04-02 16:43:28,47.9,9.9,32.45,73,100,9.26,light snow
160,Tunceli,TR,2022-04-02 16:43:28,39.1083,39.5471,55.36,64,55,5.26,broken clouds
161,Torbay,CA,2022-04-02 16:42:51,47.6666,-52.7314,43.57,93,75,20.71,broken clouds
162,Athabasca,CA,2022-04-02 16:43:28,54.7169,-113.2854,32.41,76,100,4.45,overcast clouds
163,The Valley,AI,2022-04-02 16:43:29,18.217,-63.0578,81.1,83,75,13.8,broken clouds
164,Kodiak,US,2022-04-02 16:43:29,57.79,-152.4072,31.51,93,75,3.44,broken clouds
165,Nalut,LY,2022-04-02 16:42:56,30.3333,10.85,79.84,10,0,6.96,clear sky
166,Husavik,IS,2022-04-02 16:43:29,66.0449,-17.3389,37.78,95,100,3.94,overcast clouds
167,Kahului,US,2022-04-02 16:43:30,20.8947,-156.47,72.84,80,40,16.11,scattered clouds
168,Boone,US,2022-04-02 16:43:30,39.0334,-92.3335,60.39,50,65,17.09,broken clouds
169,Bumba,CD,2022-04-02 16:43:30,2.1833,22.4667,74.61,90,84,5.08,light rain
170,Khatanga,RU,2022-04-02 16:43:31,71.9667,102.5,0.88,97,100,6.15,overcast clouds
171,Paamiut,GL,2022-04-02 16:43:31,61.994,-49.6678,34.36,85,97,1.5,overcast clouds
172,Capao Da Canoa,BR,2022-04-02 16:39:36,-29.7456,-50.0097,71.11,72,11,13.58,few clouds
173,Springfield,US,2022-04-02 16:43:32,37.2153,-93.2982,57.97,74,100,16.11,overcast clouds
174,Arnoldstein,AT,2022-04-02 16:43:32,46.5461,13.71,40.86,99,100,0.27,overcast clouds
175,Palmer,US,2022-04-02 16:43:32,42.1584,-72.3287,49.57,32,20,10.36,few clouds
176,Monzon,ES,2022-04-02 16:43:32,41.9108,0.1941,54.75,24,0,13.58,clear sky
177,Novo Aripuana,BR,2022-04-02 16:43:33,-5.1206,-60.3797,74.75,98,100,1.57,overcast clouds
178,Georgetown,MY,2022-04-02 16:43:33,5.4112,100.3354,78.73,93,20,5.01,few clouds
179,Eirunepe,BR,2022-04-02 16:43:33,-6.6603,-69.8736,75.83,66,99,2.66,overcast clouds
180,Ilulissat,GL,2022-04-02 16:43:34,69.2167,-51.1,35.62,55,20,2.3,few clouds
181,Sorland,NO,2022-04-02 16:43:34,67.667,12.6934,33.89,56,100,20.62,light snow
182,Necochea,AR,2022-04-02 16:39:45,-38.5473,-58.7368,68.32,42,4,19.55,clear sky
183,Muriwai Beach,NZ,2022-04-02 16:44:35,-36.8167,174.45,63.86,96,100,1.68,overcast clouds
184,Filingue,NE,2022-04-02 16:44:35,14.3521,3.3168,101.16,4,98,5.99,overcast clouds
185,Banda Aceh,ID,2022-04-02 16:44:35,5.5577,95.3222,80.08,81,99,5.19,moderate rain
186,Kavieng,PG,2022-04-02 16:44:36,-2.5744,150.7967,76.57,89,100,5.12,moderate rain
187,Sambava,MG,2022-04-02 16:44:36,-14.2667,50.1667,77.9,87,53,12.75,light rain
188,Qaanaaq,GL,2022-04-02 16:41:45,77.484,-69.3632,15.33,85,91,3.8,overcast clouds
189,Yarmouth,US,2022-04-02 16:44:36,41.7057,-70.2286,50.65,45,0,14.97,clear sky
190,Xai-Xai,MZ,2022-04-02 16:44:37,-25.0519,33.6442,77.92,74,14,13.18,few clouds
191,Khandbari,NP,2022-04-02 16:44:37,27.3747,87.2039,69.69,84,91,3.11,light rain
192,Luangwa,ZM,2022-04-02 16:44:37,-15.6167,30.4167,76.05,75,46,2.48,light rain
193,Petropavlovsk-Kamchatskiy,RU,2022-04-02 16:43:39,53.0452,158.6483,21.79,68,75,6.71,broken clouds
194,Nome,US,2022-04-02 16:41:17,64.5011,-165.4064,12.27,57,0,12.66,clear sky
195,Zaysan,KZ,2022-04-02 16:44:38,47.4667,84.8667,41.86,61,31,2.59,scattered clouds
196,Cabo San Lucas,MX,2022-04-02 16:43:39,22.8909,-109.9124,77.61,54,43,4.0,scattered clouds
197,Saskylakh,RU,2022-04-02 16:44:38,71.9167,114.0833,1.58,97,99,10.07,overcast clouds
198,Nanortalik,GL,2022-04-02 16:44:39,60.1432,-45.2371,38.17,86,100,9.44,light rain
199,Dawlatabad,AF,2022-04-02 16:44:39,36.4141,64.9053,65.48,25,0,5.88,clear sky
200,Khash,IR,2022-04-02 16:44:39,28.2211,61.2158,68.13,15,0,6.73,clear sky
201,Gao,ML,2022-04-02 16:44:40,16.6362,1.637,103.5,2,43,8.5,scattered clouds
202,Kashi,CN,2022-04-02 16:44:40,39.4547,75.9797,63.61,29,75,4.47,broken clouds
203,Los Llanos De Aridane,ES,2022-04-02 16:44:07,28.6585,-17.9182,62.35,77,75,6.91,broken clouds
204,Pleasant Point,NZ,2022-04-02 16:44:40,-44.2667,171.1333,48.06,93,79,3.27,broken clouds
205,Mitu,CO,2022-04-02 16:44:41,1.1983,-70.1733,77.22,91,92,5.35,overcast clouds
206,Iqaluit,CA,2022-04-02 16:44:41,63.7506,-68.5145,26.33,79,100,10.36,overcast clouds
207,Cervo,ES,2022-04-02 16:44:41,43.6702,-7.4101,48.87,58,13,9.71,few clouds
208,Ketchikan,US,2022-04-02 16:43:38,55.3422,-131.6461,39.67,93,100,18.41,moderate rain
209,Dicabisagan,PH,2022-04-02 16:44:42,17.0818,122.4157,76.57,83,100,3.27,light rain
210,Wuan,CN,2022-04-02 16:44:42,31.6836,112.0044,53.22,64,0,2.28,clear sky
211,Chapais,CA,2022-04-02 16:44:43,49.7834,-74.8492,26.38,79,99,9.8,overcast clouds
212,Nhulunbuy,AU,2022-04-02 16:44:43,-12.2333,136.7667,75.81,88,98,0.0,overcast clouds
213,Haines Junction,CA,2022-04-02 16:41:42,60.7522,-137.5108,19.35,73,88,4.61,overcast clouds
214,Zhigansk,RU,2022-04-02 16:42:53,66.7697,123.3711,-3.75,100,76,1.54,broken clouds
215,Beisfjord,NO,2022-04-02 16:44:43,68.3751,17.5988,30.25,94,100,7.78,light snow
216,Vitoria Da Conquista,BR,2022-04-02 16:42:55,-14.8661,-40.8394,83.17,40,25,10.27,scattered clouds
217,Fundacion,CO,2022-04-02 16:44:44,10.5207,-74.185,94.1,46,45,5.5,scattered clouds
218,Westport,US,2022-04-02 16:40:13,41.1415,-73.3579,50.86,44,0,8.05,clear sky
219,Fairbanks,US,2022-04-02 16:44:44,64.8378,-147.7164,14.34,51,100,8.05,overcast clouds
220,Fiumicino,IT,2022-04-02 16:44:45,41.7675,12.2291,49.98,66,75,20.71,broken clouds
221,Longyearbyen,SJ,2022-04-02 16:41:46,78.2186,15.6401,1.24,60,20,10.36,few clouds
222,Raga,SS,2022-04-02 16:44:45,8.4596,25.678,91.78,14,73,3.02,broken clouds
223,Ayagoz,KZ,2022-04-02 16:44:46,47.9714,80.4392,33.17,84,15,5.61,few clouds
224,Norman Wells,CA,2022-04-02 16:44:46,65.282,-126.8329,-23.76,62,20,2.3,few clouds
225,Yeppoon,AU,2022-04-02 16:44:46,-23.1333,150.7333,71.38,73,0,13.87,clear sky
226,Vagay,RU,2022-04-02 16:45:46,57.9375,69.0217,27.03,96,100,6.22,overcast clouds
227,Chokurdakh,RU,2022-04-02 16:45:47,70.6333,147.9167,-5.3,93,100,5.64,overcast clouds
228,Christchurch,NZ,2022-04-02 16:45:47,-43.5333,172.6333,57.94,90,100,4.61,overcast clouds
229,La Baule-Escoublac,FR,2022-04-02 16:45:47,47.2922,-2.364,47.71,71,0,14.97,clear sky
230,Moron,AR,2022-04-02 16:43:39,-34.6534,-58.6198,70.95,56,0,10.2,clear sky
231,Saint-Philippe,RE,2022-04-02 16:44:12,-21.3585,55.7679,74.79,97,100,21.16,very heavy rain
232,Saint-Leu,RE,2022-04-02 16:45:48,-21.15,55.2833,74.26,91,100,6.78,heavy intensity rain
233,Nuuk,GL,2022-04-02 16:41:17,64.1835,-51.7216,38.01,70,75,6.91,broken clouds
234,Alhandra,BR,2022-04-02 16:45:49,-7.4386,-34.9144,88.02,57,38,12.3,scattered clouds
235,Nassjo,SE,2022-04-02 16:45:49,57.6531,14.6968,36.52,45,37,4.63,scattered clouds
236,Cerignola,IT,2022-04-02 16:45:49,41.264,15.9005,49.57,77,92,12.8,overcast clouds
237,Borskoye,RU,2022-04-02 16:45:49,53.0333,51.7167,45.05,87,100,8.16,overcast clouds
238,Perpignan,FR,2022-04-02 16:45:50,42.75,2.75,45.73,43,20,25.32,few clouds
239,Kaeo,NZ,2022-04-02 16:45:50,-35.1,173.7833,59.32,95,93,2.19,overcast clouds
240,Pisco,PE,2022-04-02 16:45:50,-13.7,-76.2167,70.02,68,0,6.91,clear sky
241,Puerto Escondido,MX,2022-04-02 16:44:09,15.85,-97.0667,86.59,41,66,6.82,broken clouds
242,Byron Bay,AU,2022-04-02 16:45:51,-28.65,153.6167,67.89,89,46,7.54,scattered clouds
243,Lebu,CL,2022-04-02 16:45:51,-37.6167,-73.65,59.88,91,98,6.89,overcast clouds
244,Sampit,ID,2022-04-02 16:45:51,-2.5333,112.95,75.99,95,93,2.71,overcast clouds
245,East London,ZA,2022-04-02 16:42:28,-33.0153,27.9116,63.54,100,75,3.44,broken clouds
246,Lavrentiya,RU,2022-04-02 16:45:52,65.5833,-171.0,-0.06,75,1,10.09,clear sky
247,Akhmeta,GE,2022-04-02 16:45:52,42.0311,45.2075,63.12,58,64,1.54,broken clouds
248,Atbasar,KZ,2022-04-02 16:45:53,51.8,68.3333,28.47,87,95,9.62,overcast clouds
249,Bonavista,CA,2022-04-02 16:45:53,48.6499,-53.1147,37.67,95,100,20.49,overcast clouds
250,Marsa Matruh,EG,2022-04-02 16:45:53,31.3525,27.2453,66.4,63,100,9.22,haze
251,Marystown,CA,2022-04-02 16:45:54,47.1666,-55.1483,38.86,100,100,8.01,overcast clouds
252,Alofi,NU,2022-04-02 16:45:54,-19.0595,-169.9187,73.29,94,94,2.3,overcast clouds
253,Dagua,CO,2022-04-02 16:45:54,3.6569,-76.6886,82.83,77,62,3.47,broken clouds
254,Svetlogorsk,BY,2022-04-02 16:45:55,52.6333,29.7333,32.86,98,100,12.06,light snow
255,Chumikan,RU,2022-04-02 16:45:55,54.7183,135.315,34.27,76,96,20.09,overcast clouds
256,Teya,RU,2022-04-02 16:45:55,60.3778,92.6267,4.23,99,88,3.53,overcast clouds
257,Tuatapere,NZ,2022-04-02 16:45:56,-46.1333,167.6833,48.79,92,63,3.42,broken clouds
258,Barrow,US,2022-04-02 16:41:41,71.2906,-156.7887,-11.18,70,0,13.8,clear sky
259,Tiksi,RU,2022-04-02 16:42:52,71.6872,128.8694,-5.48,100,99,3.04,overcast clouds
260,Deputatskiy,RU,2022-04-02 16:45:56,69.3,139.9,-20.52,100,96,2.55,overcast clouds
261,Cascais,PT,2022-04-02 16:45:56,38.6979,-9.4215,65.52,34,0,24.0,clear sky
262,Micoud,LC,2022-04-02 16:45:57,13.8167,-60.9,84.13,70,75,25.32,broken clouds
263,Iberia,US,2022-04-02 16:45:57,29.9502,-91.7507,74.97,64,0,12.66,clear sky
264,Verkhnyaya Sinyachikha,RU,2022-04-02 16:45:57,57.976,61.6673,28.17,97,100,8.08,light snow
265,Muroto,JP,2022-04-02 16:45:58,33.2833,134.15,52.45,62,100,15.12,overcast clouds
266,Hoa Binh,VN,2022-04-02 16:45:58,20.8133,105.3383,60.03,76,56,3.24,broken clouds
267,Kayerkan,RU,2022-04-02 16:45:59,69.3497,87.7602,8.53,92,100,5.73,overcast clouds
268,Thinadhoo,MV,2022-04-02 16:41:44,0.5333,72.9333,83.17,67,8,2.84,clear sky
269,Battle Creek,US,2022-04-02 16:44:39,42.3212,-85.1797,43.05,45,0,8.05,clear sky
270,Khilok,RU,2022-04-02 16:45:59,51.3674,110.4676,27.81,81,65,4.14,broken clouds
271,Wewak,PG,2022-04-02 16:47:00,-3.5534,143.6268,77.47,89,99,5.73,overcast clouds
272,Guayaramerin,BO,2022-04-02 16:47:00,-10.8368,-65.3614,77.05,65,0,8.05,clear sky
273,Aleksandrov Gay,RU,2022-04-02 16:47:00,50.147,48.5704,59.59,45,62,16.04,broken clouds
274,Cortes,ES,2022-04-02 16:47:01,41.9395,-1.4396,50.05,40,27,24.81,scattered clouds
275,Lata,PT,2022-04-02 16:47:01,40.1629,-8.3327,61.92,30,62,8.14,broken clouds
276,Bayangol,RU,2022-04-02 16:47:01,50.6977,103.4656,23.4,71,25,4.07,scattered clouds
277,Pagangan,PH,2022-04-02 16:47:02,7.1144,124.5953,73.33,98,100,0.63,overcast clouds
278,Port Blair,IN,2022-04-02 16:47:02,11.6667,92.75,84.24,74,40,5.75,scattered clouds
279,Hegang,CN,2022-04-02 16:47:03,47.4,130.3667,35.8,60,58,7.4,broken clouds
280,Saint-Francois,FR,2022-04-02 16:47:03,46.4154,3.9054,35.67,80,75,13.8,light snow
281,Noumea,NC,2022-04-02 16:47:03,-22.2763,166.4572,82.99,99,99,10.16,overcast clouds
282,Poya,NC,2022-04-02 16:47:04,-21.35,165.15,78.01,91,100,3.58,overcast clouds
283,Jorhat,IN,2022-04-02 16:47:04,26.75,94.2167,71.71,77,25,3.2,scattered clouds
284,Karratha,AU,2022-04-02 16:47:05,-20.7377,116.8463,82.8,72,68,10.0,broken clouds
285,Japura,ID,2022-04-02 16:47:05,-0.3167,102.35,76.06,92,61,1.19,broken clouds
286,Massaguet,TD,2022-04-02 16:47:06,12.4755,15.4365,99.39,6,15,9.15,few clouds
287,Provideniya,RU,2022-04-02 16:47:06,64.3833,-173.3,8.24,67,2,10.69,clear sky
288,Ust-Ishim,RU,2022-04-02 16:47:06,57.6935,71.1665,27.63,97,100,5.75,light snow
289,Margate,GB,2022-04-02 16:47:07,51.3813,1.3862,44.11,56,24,10.0,few clouds
290,Chatrapur,IN,2022-04-02 16:47:07,19.35,84.9833,80.06,77,5,16.51,clear sky
291,Santa Cruz,BO,2022-04-02 16:47:08,-17.8,-63.1667,77.05,41,20,9.22,few clouds
292,Bathsheba,BB,2022-04-02 16:47:08,13.2167,-59.5167,84.81,61,20,27.63,few clouds
293,Lasa,IT,2022-04-02 16:47:08,46.6166,10.7002,38.28,92,100,6.87,overcast clouds
294,Mount Gambier,AU,2022-04-02 16:44:13,-37.8333,140.7667,53.51,94,75,10.36,broken clouds
295,Predivinsk,RU,2022-04-02 16:47:09,57.0669,93.4378,23.52,90,97,6.62,overcast clouds
296,Arraial Do Cabo,BR,2022-04-02 16:47:09,-22.9661,-42.0278,80.56,78,75,10.36,broken clouds
297,Nishihara,JP,2022-04-02 16:47:10,26.1842,127.7558,63.68,86,100,6.91,overcast clouds
298,San Cristobal,VE,2022-04-02 16:47:10,7.7669,-72.225,78.98,45,40,8.48,scattered clouds
299,Ahipara,NZ,2022-04-02 16:47:11,-35.1667,173.1667,62.58,91,88,2.26,light rain
300,Mapimi,MX,2022-04-02 16:47:11,25.8167,-103.85,77.67,9,8,1.92,clear sky
301,Auki,SB,2022-04-02 16:42:49,-8.7676,160.7034,76.19,87,96,4.34,overcast clouds
302,Jiblah,YE,2022-04-02 16:47:11,13.9216,44.1467,65.7,42,3,5.7,clear sky
303,Gilroy,US,2022-04-02 16:43:10,37.0058,-121.5683,66.04,87,0,0.0,clear sky
304,Omboue,GA,2022-04-02 16:47:12,-1.5746,9.2618,76.32,82,100,7.09,overcast clouds
305,Mukhen,RU,2022-04-02 16:47:12,48.1,136.1,29.57,78,45,7.92,scattered clouds
306,Quelimane,MZ,2022-04-02 16:47:13,-17.8786,36.8883,82.35,78,20,6.91,few clouds
307,Manta,EC,2022-04-02 16:47:13,-0.95,-80.7333,82.18,83,75,5.75,broken clouds
308,Dingle,PH,2022-04-02 16:47:13,10.9995,122.6711,76.14,81,63,6.67,broken clouds
309,Novosheshminsk,RU,2022-04-02 16:47:14,55.0651,51.2338,35.74,100,100,3.58,overcast clouds
310,Geraldton,AU,2022-04-02 16:47:14,-28.7667,114.6,73.81,94,100,3.44,overcast clouds
311,Vytegra,RU,2022-04-02 16:47:15,61.0064,36.4481,20.25,94,91,2.64,overcast clouds
312,Iracoubo,GF,2022-04-02 16:47:15,5.4802,-53.2011,79.38,88,100,13.18,light rain
313,Ponta Delgada,PT,2022-04-02 16:47:15,37.7333,-25.6667,63.32,72,20,8.05,few clouds
314,Pacific Grove,US,2022-04-02 16:47:16,36.6177,-121.9166,54.41,91,100,5.01,mist
315,Kewanee,US,2022-04-02 16:47:16,41.2456,-89.9248,44.47,88,100,11.39,overcast clouds
316,Denpasar,ID,2022-04-02 16:47:17,-8.65,115.2167,80.26,88,40,3.44,scattered clouds
317,Tautira,PF,2022-04-02 16:47:17,-17.7333,-149.15,81.55,76,90,9.62,overcast clouds
318,Kargopol,RU,2022-04-02 16:47:17,61.5071,38.9456,16.72,95,64,2.91,broken clouds
319,Aitape,PG,2022-04-02 16:48:18,-3.1374,142.3475,77.83,85,100,4.23,overcast clouds
320,Beloha,MG,2022-04-02 16:48:18,-25.1667,45.05,74.8,53,1,5.03,clear sky
321,San Rafael,AR,2022-04-02 16:48:18,-34.6177,-68.3301,74.79,19,0,12.68,clear sky
322,Grand Gaube,MU,2022-04-02 16:48:19,-20.0064,57.6608,75.38,92,100,8.99,heavy intensity rain
323,Xiaoweizhai,CN,2022-04-02 16:48:19,26.1903,107.5125,47.12,80,20,3.18,few clouds
324,Phan Thiet,VN,2022-04-02 16:48:20,10.9333,108.1,77.56,83,92,3.91,overcast clouds
325,Laval,CA,2022-04-02 16:45:13,45.57,-73.692,42.91,43,20,16.11,few clouds
326,San Andres,CO,2022-04-02 16:48:20,12.5847,-81.7006,86.02,66,40,12.66,scattered clouds
327,Oranjestad,AW,2022-04-02 16:48:21,12.524,-70.027,87.75,58,20,24.16,few clouds
328,Korem,ET,2022-04-02 16:48:21,12.5058,39.5228,60.51,57,5,7.7,clear sky
329,Rio Bananal,BR,2022-04-02 16:48:22,-19.265,-40.3333,88.23,49,48,4.0,scattered clouds
330,Salto,UY,2022-04-02 16:48:22,-31.3833,-57.9667,70.88,56,0,15.99,clear sky
331,Kosh-Agach,RU,2022-04-02 16:48:22,50.0,88.6667,21.0,60,41,3.22,scattered clouds
332,College,US,2022-04-02 16:48:23,64.8569,-147.8028,14.32,49,75,8.05,broken clouds
333,Fort Dodge,US,2022-04-02 16:48:17,42.4975,-94.168,44.6,81,100,5.75,overcast clouds
334,Seymchan,RU,2022-04-02 16:48:23,62.8833,152.4333,-3.28,92,100,3.44,overcast clouds
335,Atar,MR,2022-04-02 16:48:24,20.5169,-13.0499,95.45,7,0,21.97,clear sky
336,Morro Bay,US,2022-04-02 16:45:37,35.3658,-120.8499,60.15,21,36,1.01,scattered clouds
337,Almeirim,BR,2022-04-02 16:48:24,-1.5233,-52.5817,83.41,78,64,4.74,broken clouds
338,Kekri,IN,2022-04-02 16:48:24,25.9667,75.15,86.83,7,0,7.99,clear sky
339,Adrar,MR,2022-04-02 16:48:25,20.5022,-10.0711,97.03,8,3,21.43,clear sky
340,Dubrovka,RU,2022-04-02 16:48:25,53.6907,33.5071,31.53,97,100,15.08,light snow
341,Mezen,RU,2022-04-02 16:48:26,65.8522,44.24,22.01,92,100,5.91,overcast clouds
342,Port Hedland,AU,2022-04-02 16:48:26,-20.3167,118.5667,84.25,74,53,6.91,broken clouds
343,Ntcheu,MW,2022-04-02 16:48:26,-14.8203,34.6359,65.19,97,70,2.89,light rain
344,Nisia Floresta,BR,2022-04-02 16:48:27,-6.0911,-35.2086,85.01,63,76,12.44,broken clouds
345,San Vicente,AR,2022-04-02 16:48:27,-26.6167,-54.1333,74.75,55,49,2.62,scattered clouds
346,Tezu,IN,2022-04-02 16:48:27,27.9167,96.1667,69.01,87,69,4.76,broken clouds
347,Severo-Kurilsk,RU,2022-04-02 16:48:27,50.6789,156.125,27.32,71,100,28.88,light snow
348,Rundu,NA,2022-04-02 16:48:28,-17.9333,19.7667,76.21,54,100,4.03,overcast clouds
349,Shunyi,CN,2022-04-02 16:48:28,40.125,116.6453,52.95,34,0,7.0,clear sky
350,Nadym,RU,2022-04-02 16:48:28,65.5333,72.5167,7.0,92,66,10.18,broken clouds
351,San Jeronimito,MX,2022-04-02 16:45:21,17.55,-101.3333,83.93,45,90,6.08,overcast clouds
352,Anatoli,GR,2022-04-02 16:48:29,39.6389,20.8653,47.95,81,75,2.3,light rain
353,Iwanai,JP,2022-04-02 16:48:29,42.9744,140.5089,37.27,84,68,9.42,broken clouds
354,Cherskiy,RU,2022-04-02 16:48:30,68.75,161.3,-15.34,100,99,1.05,overcast clouds
355,Pangai,TO,2022-04-02 16:48:30,-19.8,-174.35,81.05,75,72,9.44,broken clouds
356,Miraflores,MX,2022-04-02 16:48:30,19.2167,-98.8083,75.87,17,79,3.44,broken clouds
357,Atasu,KZ,2022-04-02 16:48:31,48.6814,71.6433,27.68,83,75,4.76,broken clouds
358,Rzhev,RU,2022-04-02 16:48:31,56.2624,34.3282,29.62,95,100,16.6,snow
359,Plettenberg Bay,ZA,2022-04-02 16:48:31,-34.0527,23.3716,61.52,88,80,5.77,light rain
360,Labuhan,ID,2022-04-02 16:48:32,-6.8844,112.2051,78.24,78,100,6.76,overcast clouds
361,Lorengau,PG,2022-04-02 16:46:39,-2.0226,147.2712,78.24,83,100,4.74,light rain
362,Myshkin,RU,2022-04-02 16:48:32,57.7897,38.4545,29.57,96,100,12.59,light snow
363,La Paz,BO,2022-04-02 16:43:46,-16.5,-68.15,55.38,71,75,6.91,broken clouds
364,Malinyi,TZ,2022-04-02 16:48:32,-8.9333,36.1333,74.5,88,47,0.76,light rain
365,Yuryevets,RU,2022-04-02 16:48:33,57.3201,43.1041,30.67,97,100,14.76,snow
366,Jangipur,IN,2022-04-02 16:48:33,24.4667,88.0667,83.41,62,23,10.22,few clouds
367,Dudinka,RU,2022-04-02 16:49:33,69.4058,86.1778,9.63,100,96,5.61,overcast clouds
368,Roros,NO,2022-04-02 16:49:34,62.5747,11.3842,28.24,74,75,13.8,broken clouds
369,Marawi,PH,2022-04-02 16:49:34,7.9986,124.2928,68.5,96,100,0.74,moderate rain
370,Souillac,MU,2022-04-02 16:49:35,-20.5167,57.5167,73.78,100,75,11.5,heavy intensity rain
371,Hastings,GB,2022-04-02 16:49:35,50.8552,0.5729,48.07,33,20,15.43,few clouds
372,Gallipoli,TR,2022-04-02 16:49:35,40.4103,26.6708,66.06,58,58,20.0,broken clouds
373,Pangnirtung,CA,2022-04-02 16:49:36,66.1451,-65.7125,21.2,93,75,11.5,broken clouds
374,Goderich,CA,2022-04-02 16:49:26,43.7501,-81.7165,39.9,64,84,11.5,broken clouds
375,Yangambi,CD,2022-04-02 16:49:36,0.8102,24.4336,76.24,83,75,1.19,light rain
376,Grindavik,IS,2022-04-02 16:49:36,63.8424,-22.4338,46.87,100,100,20.71,light rain
377,Kenai,US,2022-04-02 16:49:37,60.5544,-151.2583,35.15,79,75,9.22,broken clouds
378,Spearfish,US,2022-04-02 16:49:37,44.4908,-103.8594,51.12,31,0,4.61,clear sky
379,Northam,GB,2022-04-02 16:49:38,51.0333,-4.2167,46.62,54,49,7.52,scattered clouds
380,Mugur-Aksy,RU,2022-04-02 16:49:38,50.35,90.5,20.01,55,57,8.55,broken clouds
381,Imbituba,BR,2022-04-02 16:49:38,-28.24,-48.6703,71.04,73,80,5.03,broken clouds
382,Orje,NO,2022-04-02 16:49:38,59.4802,11.6602,38.14,48,43,5.84,scattered clouds
383,Port Hardy,CA,2022-04-02 16:47:29,50.6996,-127.4199,42.8,93,75,5.75,broken clouds
384,Kavaratti,IN,2022-04-02 16:45:19,10.5669,72.642,83.19,71,48,6.06,scattered clouds
385,Grand-Santi,GF,2022-04-02 16:49:39,4.25,-54.3833,82.24,83,84,3.42,broken clouds
386,Bogo,PH,2022-04-02 16:49:39,11.0517,124.0055,77.32,89,97,11.27,light rain
387,Lewiston,US,2022-04-02 16:49:40,44.1003,-70.2148,46.85,50,20,14.97,few clouds
388,Naze,JP,2022-04-02 16:49:40,28.3667,129.4833,61.72,66,99,13.42,overcast clouds
389,Khasan,RU,2022-04-02 16:49:40,42.4308,130.6434,38.35,66,1,3.96,clear sky
390,Nikolayevsk-Na-Amure,RU,2022-04-02 16:49:41,53.1406,140.73,19.11,94,97,3.65,overcast clouds
391,Clyde River,CA,2022-04-02 16:47:33,70.4692,-68.5914,14.23,92,100,5.75,fog
392,Puerto Madryn,AR,2022-04-02 16:49:41,-42.7692,-65.0385,80.53,20,58,14.58,broken clouds
393,Dryden,CA,2022-04-02 16:49:41,49.7833,-92.7503,35.89,64,100,9.22,overcast clouds
394,Kruisfontein,ZA,2022-04-02 16:49:42,-34.0033,24.7314,61.88,89,72,6.85,light rain
395,Iquitos,PE,2022-04-02 16:49:42,-3.7481,-73.2472,75.24,83,75,6.91,broken clouds
396,Benghazi,LY,2022-04-02 16:48:49,32.1167,20.0667,65.77,54,100,4.12,overcast clouds
397,Tual,ID,2022-04-02 16:49:43,-5.6667,132.75,82.18,64,83,4.65,broken clouds
398,Inta,RU,2022-04-02 16:49:43,66.0317,60.1659,9.82,92,94,8.88,overcast clouds
399,Opelousas,US,2022-04-02 16:49:43,30.5335,-92.0815,74.88,46,0,10.36,clear sky
400,Viedma,AR,2022-04-02 16:49:44,-40.8135,-62.9967,76.62,20,4,28.63,clear sky
401,Oyon,PE,2022-04-02 16:49:44,-10.6681,-76.7731,55.11,63,94,1.77,overcast clouds
402,Chapleau,CA,2022-04-02 16:49:44,47.8405,-83.4034,35.69,64,100,10.36,overcast clouds
403,Comodoro Rivadavia,AR,2022-04-02 16:45:01,-45.8667,-67.5,69.66,35,0,12.66,clear sky
404,Kamaishi,JP,2022-04-02 16:49:45,39.2667,141.8833,37.24,76,6,5.41,clear sky
405,Kailua,US,2022-04-02 16:49:45,21.4022,-157.7394,75.18,77,40,7.0,scattered clouds
406,Dunedin,NZ,2022-04-02 16:49:45,-45.8742,170.5036,53.8,86,28,1.01,scattered clouds
407,Vila,PT,2022-04-02 16:49:46,42.0304,-8.1588,50.88,36,0,8.01,clear sky
408,Viseu,PT,2022-04-02 16:49:46,40.661,-7.9097,58.73,31,2,7.09,clear sky
409,Terre Haute,US,2022-04-02 16:49:47,39.4667,-87.4139,50.25,60,0,12.66,clear sky
410,Rawson,AR,2022-04-02 16:49:47,-43.3002,-65.1023,79.23,22,54,13.2,broken clouds
411,Axim,GH,2022-04-02 16:50:47,4.8699,-2.2405,83.86,73,98,9.28,light rain
412,North Bend,US,2022-04-02 16:50:47,43.4065,-124.2243,50.16,98,40,6.91,scattered clouds
413,Te Anau,NZ,2022-04-02 16:50:48,-45.4167,167.7167,47.08,85,17,0.67,few clouds
414,Balykshi,KZ,2022-04-02 16:50:48,47.0667,51.8667,62.6,51,75,11.18,smoke
415,Kralendijk,BQ,2022-04-02 16:50:49,12.15,-68.2667,85.98,62,40,21.85,scattered clouds
416,Santa Maria Del Oro,MX,2022-04-02 16:50:49,25.9333,-105.3667,73.04,9,3,1.9,clear sky
417,Jorpeland,NO,2022-04-02 16:50:49,59.0225,6.0408,41.74,64,70,17.36,broken clouds
418,Rio Gallegos,AR,2022-04-02 16:50:50,-51.6226,-69.2181,50.05,62,75,13.8,light rain
419,Kuala Terengganu,MY,2022-04-02 16:50:50,5.3302,103.1408,78.75,94,50,2.3,scattered clouds
420,Russell,US,2022-04-02 16:50:50,32.3502,-85.1999,63.91,51,75,4.61,broken clouds
421,Esperance,AU,2022-04-02 16:50:51,-33.8667,121.9,66.04,56,1,14.67,clear sky
422,Talara,PE,2022-04-02 16:50:51,-4.5772,-81.2719,84.96,51,0,16.11,clear sky
423,Prescott,US,2022-04-02 16:50:51,34.54,-112.4685,65.3,31,0,7.0,clear sky
424,Eyl,SO,2022-04-02 16:50:51,7.9803,49.8164,80.06,75,17,10.96,few clouds
425,Dedougou,BF,2022-04-02 16:50:52,12.4667,-3.4667,104.45,14,57,2.35,broken clouds
426,Namibe,AO,2022-04-02 16:50:52,-15.1961,12.1522,72.25,81,95,9.28,overcast clouds
427,Laguna,US,2022-04-02 16:50:53,38.421,-121.4238,67.17,63,0,10.36,clear sky
428,Pindamonhangaba,BR,2022-04-02 16:50:53,-22.9239,-45.4617,78.55,78,75,5.75,broken clouds
429,Wana,PK,2022-04-02 16:50:53,32.2989,69.5725,70.38,11,0,15.73,clear sky
430,Shieli,KZ,2022-04-02 16:50:54,44.1667,66.75,59.95,29,0,6.67,clear sky
431,Maniitsoq,GL,2022-04-02 16:50:54,65.4167,-52.9,32.54,80,92,3.65,overcast clouds
432,Moussoro,TD,2022-04-02 16:50:54,13.6408,16.4901,97.5,6,68,9.35,broken clouds
433,Tyukalinsk,RU,2022-04-02 16:50:55,55.8732,72.1967,30.42,98,100,11.88,snow
434,Lingyuan,CN,2022-04-02 16:50:55,41.24,119.4011,43.3,29,0,4.72,clear sky
435,Jalu,LY,2022-04-02 16:50:55,29.0331,21.5482,80.56,10,100,7.47,overcast clouds
436,Arlit,NE,2022-04-02 16:50:56,18.7369,7.3853,98.78,2,100,9.04,overcast clouds
437,Iskateley,RU,2022-04-02 16:50:56,67.6803,53.1512,5.88,98,40,7.29,scattered clouds
438,Marsaxlokk,MT,2022-04-02 16:50:56,35.8419,14.5431,59.61,47,20,13.8,few clouds
439,Gongzhuling,CN,2022-04-02 16:50:57,43.5008,124.8198,40.23,43,2,9.01,clear sky
440,Metaxades,GR,2022-04-02 16:50:57,41.4204,26.225,57.87,56,0,15.73,clear sky
441,Hobyo,SO,2022-04-02 16:50:57,5.3505,48.5268,81.95,71,36,13.96,scattered clouds
442,Neiafu,TO,2022-04-02 16:50:58,-18.65,-173.9833,75.88,94,40,0.0,scattered clouds
443,Nichinan,JP,2022-04-02 16:50:58,31.6,131.3667,50.54,69,100,10.07,overcast clouds
444,Evensk,RU,2022-04-02 16:50:58,61.95,159.2333,12.61,80,98,12.03,overcast clouds
445,Vestmannaeyjar,IS,2022-04-02 16:50:59,63.4427,-20.2734,45.59,100,100,12.66,moderate rain
446,Hanzhong,CN,2022-04-02 16:50:59,33.0728,107.0303,55.02,70,30,3.87,scattered clouds
447,Corn Island,NI,2022-04-02 16:51:00,12.1694,-83.0418,80.92,75,100,12.93,overcast clouds
448,Carlagan,PH,2022-04-02 16:51:00,14.975,122.0456,79.66,70,65,12.75,broken clouds
449,Zhezkazgan,KZ,2022-04-02 16:51:00,47.8043,67.7144,48.92,48,22,4.32,few clouds
450,Sarakhs,IR,2022-04-02 16:51:01,36.5449,61.1577,68.0,24,1,8.66,clear sky
451,Antalaha,MG,2022-04-02 16:52:01,-14.9003,50.2788,76.06,84,60,9.06,broken clouds
452,Portland,US,2022-04-02 16:50:07,45.5234,-122.6762,50.99,85,100,5.01,overcast clouds
453,Stornoway,GB,2022-04-02 16:52:01,58.2093,-6.3865,46.92,66,75,8.05,broken clouds
454,Ostersund,SE,2022-04-02 16:52:02,63.1792,14.6357,32.61,69,20,11.5,few clouds
455,Sao Gabriel Da Cachoeira,BR,2022-04-02 16:52:02,-0.1303,-67.0892,78.06,94,100,4.92,overcast clouds
456,Bako,ET,2022-04-02 16:52:03,5.7833,36.5667,71.98,52,87,1.88,overcast clouds
457,Crateus,BR,2022-04-02 16:52:03,-5.1783,-40.6775,86.61,57,71,5.26,broken clouds
458,Tulsa,US,2022-04-02 16:50:55,36.1001,-95.9003,63.84,68,0,6.91,clear sky
459,Seybaplaya,MX,2022-04-02 16:52:04,19.65,-90.6667,88.56,53,11,3.38,few clouds
460,Hasaki,JP,2022-04-02 16:52:04,35.7333,140.8333,46.8,56,100,8.59,light rain
461,Krumovgrad,BG,2022-04-02 16:52:04,41.4667,25.65,58.05,66,5,17.76,clear sky
462,Togur,RU,2022-04-02 16:52:05,58.3631,82.8265,6.22,98,49,2.19,scattered clouds
463,Calama,CL,2022-04-02 16:51:49,-22.4667,-68.9333,72.09,20,0,20.71,clear sky
464,Port Augusta,AU,2022-04-02 16:52:05,-32.5,137.7667,60.82,54,100,6.91,overcast clouds
465,Virginia Beach,US,2022-04-02 16:47:11,36.8529,-75.978,55.44,48,20,10.36,few clouds
466,Halacho,MX,2022-04-02 16:52:06,20.4833,-90.0833,96.62,30,11,8.34,few clouds
467,Amritsar,IN,2022-04-02 16:52:06,31.6331,74.8656,85.82,14,0,8.14,clear sky
468,Pallasovka,RU,2022-04-02 16:52:07,50.05,46.8833,59.45,54,87,15.43,light rain
469,Zadar,HR,2022-04-02 16:52:07,44.1197,15.2422,54.21,54,40,9.22,scattered clouds
470,Coquimbo,CL,2022-04-02 16:52:07,-29.9533,-71.3436,56.93,88,100,5.75,overcast clouds
471,Auburn,US,2022-04-02 16:48:52,47.3073,-122.2284,50.0,80,100,10.36,overcast clouds
472,Reshetylivka,UA,2022-04-02 16:52:08,49.565,34.0782,49.39,83,100,16.98,overcast clouds
473,Oktyabrskiy,RU,2022-04-02 16:52:08,54.4815,53.471,37.99,100,100,7.09,overcast clouds
474,Faya,SA,2022-04-02 16:52:09,18.3851,42.4509,71.71,21,2,5.66,clear sky
475,Itoman,JP,2022-04-02 16:52:09,26.1247,127.6694,64.42,82,100,5.75,overcast clouds
476,Fez,MA,2022-04-02 16:49:11,34.0372,-4.9998,70.05,32,75,8.05,broken clouds
477,Tokur,RU,2022-04-02 16:52:10,53.1333,132.9,22.71,97,100,4.16,light snow
478,Codrington,AU,2022-04-02 16:52:10,-38.2667,141.9667,54.23,90,69,5.59,light rain
479,Sanchazi,CN,2022-04-02 16:52:10,42.0817,126.6003,32.25,55,0,2.66,clear sky
480,Ouro Preto Do Oeste,BR,2022-04-02 16:52:11,-10.7481,-62.2158,78.08,75,79,3.65,broken clouds
481,Erzin,TR,2022-04-02 16:52:11,36.9559,36.2,67.24,52,2,4.56,clear sky
482,Henties Bay,NA,2022-04-02 16:52:12,-22.116,14.2845,62.35,80,3,8.77,clear sky
483,Dixon,US,2022-04-02 16:52:12,38.4455,-121.8233,66.15,53,0,8.05,clear sky
484,Weihe,CN,2022-04-02 16:52:12,32.9952,105.3247,47.98,94,69,4.59,broken clouds
485,Malbork,PL,2022-04-02 16:52:13,54.0359,19.0266,36.88,62,72,16.35,broken clouds
486,Huarmey,PE,2022-04-02 16:52:13,-10.0681,-78.1522,75.43,71,80,11.43,broken clouds
487,Marevo,RU,2022-04-02 16:52:14,57.3146,32.0804,30.0,83,100,10.49,overcast clouds
488,Dargaville,NZ,2022-04-02 16:52:14,-35.9333,173.8833,61.95,93,92,1.16,overcast clouds
489,Turbat,PK,2022-04-02 16:52:14,26.0023,63.044,84.13,21,0,3.83,clear sky
490,Manjacaze,MZ,2022-04-02 16:52:15,-24.7117,33.8828,78.44,64,46,9.24,scattered clouds
491,Dingtao,CN,2022-04-02 16:52:15,35.0683,115.5625,47.19,41,0,2.42,clear sky
492,Brae,GB,2022-04-02 16:52:15,60.3964,-1.353,41.43,73,91,17.36,overcast clouds
493,Surt,LY,2022-04-02 16:52:16,31.2089,16.5887,67.87,52,97,11.99,overcast clouds
494,Alyangula,AU,2022-04-02 16:52:16,-13.8483,136.4192,73.27,94,94,0.0,overcast clouds
495,Yulara,AU,2022-04-02 16:52:17,-25.2406,130.9889,64.24,34,3,8.05,clear sky
496,Magadan,RU,2022-04-02 16:52:17,59.5667,150.8,6.53,81,100,5.79,overcast clouds
497,Nouadhibou,MR,2022-04-02 16:51:25,20.931,-17.0347,67.98,73,10,18.41,clear sky
498,Berbera,SO,2022-04-02 16:52:17,10.4396,45.0143,81.28,78,6,6.69,clear sky
499,Palotina,BR,2022-04-02 16:53:18,-24.2839,-53.84,72.99,72,97,8.81,overcast clouds
500,Poum,NC,2022-04-02 16:53:18,-20.2333,164.0167,81.73,82,100,13.51,overcast clouds
501,Kermanshah,IR,2022-04-02 16:51:57,34.3142,47.065,67.1,24,0,6.91,clear sky
502,Mglin,RU,2022-04-02 16:53:19,53.0591,32.8475,31.93,97,100,12.86,light snow
503,Kattivakkam,IN,2022-04-02 16:53:19,13.2167,80.3167,84.29,87,4,9.98,clear sky
504,Vanimo,PG,2022-04-02 16:53:20,-2.6741,141.3028,77.04,90,100,3.74,moderate rain
505,Skorodnoye,RU,2022-04-02 16:53:20,51.071,37.2276,54.37,71,77,22.35,broken clouds
506,San Patricio,US,2022-04-02 16:53:09,28.017,-97.5169,79.07,62,90,8.1,overcast clouds
507,Salekhard,RU,2022-04-02 16:53:20,66.53,66.6019,6.8,89,54,9.06,broken clouds
508,Prince Rupert,CA,2022-04-02 16:51:26,54.3161,-130.3201,42.89,70,100,25.32,light rain
509,Hervey Bay,AU,2022-04-02 16:53:21,-25.2986,152.8535,69.03,88,1,5.99,clear sky
510,Mahebourg,MU,2022-04-02 16:53:21,-20.4081,57.7,75.25,100,75,11.5,heavy intensity rain
511,Tres Arroyos,AR,2022-04-02 16:53:22,-38.3739,-60.2798,68.45,36,0,21.16,clear sky
512,Sur,OM,2022-04-02 16:53:22,22.5667,59.5289,82.24,42,15,3.85,few clouds
513,Beringovskiy,RU,2022-04-02 16:53:22,63.05,179.3167,10.2,95,100,9.84,light snow
514,Taoudenni,ML,2022-04-02 16:51:38,22.6783,-3.9836,98.78,5,0,14.58,clear sky
515,Muisne,EC,2022-04-02 16:53:23,0.6,-80.0333,82.35,74,33,8.1,scattered clouds
516,Acapulco,MX,2022-04-02 16:52:25,16.8634,-99.8901,82.98,50,46,5.82,scattered clouds
517,Amapa,BR,2022-04-02 16:53:24,1.0,-52.0,79.81,93,82,4.43,broken clouds
518,Kudahuvadhoo,MV,2022-04-02 16:53:24,2.6708,72.8944,83.26,66,58,0.11,broken clouds
519,Panaba,MX,2022-04-02 16:53:24,21.2833,-88.2667,96.04,32,7,13.82,clear sky
520,Tombouctou,ML,2022-04-02 16:53:25,20.0,-3.0,100.42,7,3,8.43,clear sky
521,Sao Joao Da Barra,BR,2022-04-02 16:51:49,-21.6403,-41.0511,86.09,68,5,9.01,clear sky
522,Skreia,NO,2022-04-02 16:53:25,60.65,10.9333,42.33,68,91,3.13,overcast clouds
523,Los Alamos,US,2022-04-02 16:53:26,35.8881,-106.307,57.65,30,0,4.0,clear sky
524,Arrifes,PT,2022-04-02 16:53:26,37.7667,-25.7,61.05,72,20,8.05,few clouds
525,Santa Maria,BR,2022-04-02 16:53:26,-29.6842,-53.8069,72.7,56,20,9.22,few clouds
526,Elat,IL,2022-04-02 16:53:27,29.5581,34.9482,94.84,8,0,9.22,clear sky
527,Bubaque,GW,2022-04-02 16:53:27,11.2833,-15.8333,75.81,71,18,19.08,few clouds
528,Sinnamary,GF,2022-04-02 16:51:42,5.3833,-52.95,79.43,87,100,13.33,very heavy rain
529,Jashpurnagar,IN,2022-04-02 16:53:28,22.9,84.15,77.38,15,0,8.01,clear sky
530,Aksarka,RU,2022-04-02 16:53:28,66.5606,67.7975,8.15,87,63,10.04,broken clouds
531,Medicine Hat,CA,2022-04-02 16:53:28,50.0501,-110.6683,47.71,43,100,12.66,overcast clouds
532,Vila Velha,BR,2022-04-02 16:53:29,-20.3297,-40.2925,89.55,73,20,9.22,few clouds
533,Teluknaga,ID,2022-04-02 16:53:29,-6.0989,106.6381,81.18,91,40,5.99,haze
534,Gat,IL,2022-04-02 16:53:30,31.61,34.7642,78.4,100,100,5.39,overcast clouds
535,Mainaguri,IN,2022-04-02 16:53:30,26.5667,88.8167,81.5,58,27,4.12,scattered clouds
536,Buala,SB,2022-04-02 16:53:30,-8.145,159.5921,79.0,84,95,4.92,light rain
537,Mormugao,IN,2022-04-02 16:53:15,15.4,73.8,83.46,70,20,4.61,few clouds
538,Sibuco,PH,2022-04-02 16:53:31,7.2911,122.0656,77.18,91,100,5.17,moderate rain
539,Verkhoyansk,RU,2022-04-02 16:53:31,67.5447,133.385,-7.17,100,98,0.83,overcast clouds
540,Goure,NE,2022-04-02 16:53:31,13.9835,10.2704,102.02,5,90,6.4,overcast clouds
541,Bougouni,ML,2022-04-02 16:53:32,11.417,-7.479,98.94,25,75,6.89,broken clouds
542,Makarov,RU,2022-04-02 16:53:32,48.6333,142.8,32.09,80,48,7.09,scattered clouds
543,Babstovo,RU,2022-04-02 16:54:32,48.1167,132.4833,27.84,86,51,6.15,broken clouds
544,Trairi,BR,2022-04-02 16:50:50,-3.2778,-39.2689,81.72,77,94,9.01,overcast clouds
545,Inhambane,MZ,2022-04-02 16:53:02,-23.865,35.3833,80.58,78,20,9.22,few clouds
546,Richards Bay,ZA,2022-04-02 16:53:07,-28.783,32.0377,72.57,92,80,7.83,moderate rain
547,Mehamn,NO,2022-04-02 16:54:33,71.0357,27.8492,27.01,90,100,23.38,light snow
548,Bandar-E Anzali,IR,2022-04-02 16:54:33,37.4727,49.4622,60.91,71,3,1.74,clear sky
549,Mecca,SA,2022-04-02 16:54:34,21.4267,39.8261,84.07,32,8,2.53,clear sky
550,Havre-Saint-Pierre,CA,2022-04-02 16:54:34,50.2334,-63.5986,41.36,60,100,14.97,overcast clouds
551,Chake Chake,TZ,2022-04-02 16:54:34,-5.2459,39.7666,80.51,79,74,8.5,broken clouds
552,Yerbogachen,RU,2022-04-02 16:54:35,61.2767,108.0108,-1.5,99,95,4.12,overcast clouds
553,Innisfail,AU,2022-04-02 16:51:46,-17.5333,146.0333,73.67,89,82,3.42,broken clouds
554,Kot Addu,PK,2022-04-02 16:54:35,30.4692,70.9671,82.81,7,0,9.89,clear sky
555,Mbala,ZM,2022-04-02 16:54:35,-8.8402,31.3659,61.9,92,90,3.76,light rain
556,Idappadi,IN,2022-04-02 16:54:36,11.5833,77.85,84.43,54,32,7.61,scattered clouds
557,Saint-Pierre,RE,2022-04-02 16:54:36,-21.3393,55.4781,74.88,89,100,5.75,overcast clouds
558,Porbandar,IN,2022-04-02 16:54:36,21.6422,69.6093,80.02,71,1,7.47,clear sky
559,Garmsar,IR,2022-04-02 16:54:37,35.2182,52.3409,72.95,19,6,1.95,clear sky
560,Teguise,ES,2022-04-02 16:54:37,29.0605,-13.564,62.82,72,40,8.05,scattered clouds
561,Vila Franca Do Campo,PT,2022-04-02 16:54:37,37.7167,-25.4333,63.01,63,8,6.76,clear sky
562,Rancho Palos Verdes,US,2022-04-02 16:54:10,33.7445,-118.387,61.0,88,100,9.22,mist
563,Xining,CN,2022-04-02 16:54:38,36.6167,101.7667,41.32,34,0,1.63,clear sky
564,Jardim,BR,2022-04-02 16:49:58,-21.4803,-56.1381,81.57,60,95,2.8,overcast clouds
565,Balaka,MW,2022-04-02 16:54:38,-14.9793,34.9558,70.07,95,55,2.77,light rain
566,Russas,BR,2022-04-02 16:54:38,-4.9403,-37.9758,91.04,44,87,5.82,overcast clouds
567,Mingshui,CN,2022-04-02 16:54:39,36.7167,117.5,51.04,53,2,5.66,clear sky
568,Clyde,US,2022-04-02 16:54:39,41.3042,-82.9752,44.69,53,68,8.86,broken clouds
569,Kilindoni,TZ,2022-04-02 16:54:40,-7.9139,39.6668,82.36,74,16,9.91,few clouds
570,Hambantota,LK,2022-04-02 16:54:40,6.1241,81.1185,80.73,77,17,5.82,few clouds
571,Tolaga Bay,NZ,2022-04-02 16:50:10,-38.3667,178.3,60.33,93,87,3.33,overcast clouds
572,Mayo,US,2022-04-02 16:54:40,38.8876,-76.5119,54.18,45,0,13.0,clear sky
573,Miri,MY,2022-04-02 16:54:41,4.4148,114.0089,78.94,94,20,0.0,few clouds
574,Hailar,CN,2022-04-02 16:54:41,49.2,119.7,26.65,62,0,8.46,clear sky
575,Yarada,IN,2022-04-02 16:53:06,17.65,83.2667,84.52,79,40,5.75,mist
576,Yarim,YE,2022-04-02 16:54:41,14.298,44.3779,61.81,31,6,5.08,clear sky
577,Arica,CL,2022-04-02 16:54:42,-18.475,-70.3042,76.55,56,0,10.36,clear sky
578,Yara,CU,2022-04-02 16:54:42,20.2753,-76.9533,94.12,37,11,9.13,few clouds
579,Sumbe,AO,2022-04-02 16:54:43,-11.2061,13.8437,79.0,83,100,8.97,overcast clouds
580,Xapuri,BR,2022-04-02 16:53:10,-10.6517,-68.5044,79.83,51,53,4.21,broken clouds
581,Verkhnyaya Inta,RU,2022-04-02 16:54:43,65.9811,60.3094,10.2,92,96,8.3,overcast clouds
582,Sao Felix Do Xingu,BR,2022-04-02 16:54:43,-6.6447,-51.995,88.34,57,17,4.23,few clouds
583,Collie,AU,2022-04-02 16:54:44,-33.3667,116.15,69.85,65,91,2.06,overcast clouds
584,Mechetinskaya,RU,2022-04-02 16:54:44,46.7713,40.456,66.69,52,92,16.06,overcast clouds
585,Tabas,IR,2022-04-02 16:54:44,33.5959,56.9244,75.9,12,0,4.63,clear sky
586,Tanout,NE,2022-04-02 16:54:45,14.9709,8.8879,95.43,4,100,5.57,overcast clouds
587,Umarkhed,IN,2022-04-02 16:54:45,19.6,77.7,91.8,12,6,2.3,clear sky
588,Kisangani,CD,2022-04-02 16:54:45,0.5167,25.2,75.45,88,96,1.92,overcast clouds
589,Marsh Harbour,BS,2022-04-02 16:54:46,26.5412,-77.0636,78.4,75,6,10.07,clear sky
590,Naron,ES,2022-04-02 16:54:46,43.5167,-8.1528,57.69,57,4,14.58,clear sky
591,Huangnihe,CN,2022-04-02 16:54:46,43.5583,128.0239,33.53,51,6,5.26,clear sky
592,Rusape,ZW,2022-04-02 16:54:46,-18.5278,32.1284,64.26,78,74,4.59,light rain
593,Shingu,JP,2022-04-02 16:55:47,33.7333,135.9833,49.1,94,100,7.34,light rain
594,Asau,RO,2022-04-02 16:55:47,46.4333,26.4,51.28,79,99,5.35,overcast clouds
595,Mikhaylovka,RU,2022-04-02 16:55:47,50.06,43.2379,66.78,44,100,26.55,overcast clouds
596,Sulangan,PH,2022-04-02 16:55:48,11.1373,123.7228,80.46,82,87,15.26,overcast clouds
597,Birao,CF,2022-04-02 16:55:48,10.2849,22.7882,92.97,10,34,5.06,scattered clouds
598,Lashio,MM,2022-04-02 16:55:49,22.9333,97.75,67.71,65,54,2.59,broken clouds
599,Quatre Cocos,MU,2022-04-02 16:55:08,-20.2078,57.7625,75.09,87,100,16.78,moderate rain
600,Gazli,UZ,2022-04-02 16:55:49,40.1333,63.45,66.13,25,0,8.84,clear sky
601,Port Macquarie,AU,2022-04-02 16:55:49,-31.4333,152.9167,59.9,86,38,5.5,scattered clouds
602,Tecoanapa,MX,2022-04-02 16:55:50,16.5167,-98.75,83.23,44,19,7.56,few clouds
603,Camopi,GF,2022-04-02 16:55:50,3.1655,-52.3158,80.02,92,70,4.56,broken clouds
604,Guanare,VE,2022-04-02 16:53:37,9.0418,-69.7421,94.06,35,87,3.53,overcast clouds
605,Sao Jose Da Coroa Grande,BR,2022-04-02 16:55:50,-8.8978,-35.1478,83.79,63,27,8.19,scattered clouds
606,Puerto Madero,MX,2022-04-02 16:55:51,14.7208,-92.4215,86.2,62,75,0.0,broken clouds
607,Teeli,RU,2022-04-02 16:55:51,51.0333,90.2333,24.76,75,14,4.0,few clouds
608,Mantua,IT,2022-04-02 16:55:26,45.1667,10.7833,51.04,78,100,11.99,overcast clouds
609,Santander,ES,2022-04-02 16:55:52,43.4647,-3.8044,49.71,70,75,5.01,broken clouds
610,Catalina,US,2022-04-02 16:55:52,32.5056,-110.9211,75.74,26,0,1.01,clear sky
611,Chiautla,MX,2022-04-02 16:55:52,19.5333,-98.8833,76.78,15,92,3.98,overcast clouds
612,Somerset West,ZA,2022-04-02 16:55:53,-34.084,18.8211,70.18,61,11,18.32,few clouds
613,Basco,PH,2022-04-02 16:55:53,20.4487,121.9702,74.89,81,99,32.03,overcast clouds
614,Anadyr,RU,2022-04-02 16:55:53,64.75,177.4833,16.3,86,40,4.47,light shower snow
615,Robe,AU,2022-04-02 16:55:54,-37.1833,139.75,55.47,88,92,11.05,overcast clouds
616,Berlevag,NO,2022-04-02 16:55:54,70.8578,29.0864,22.8,93,100,16.87,light snow
617,Porto Novo,BJ,2022-04-02 16:55:54,6.4965,2.6036,89.42,68,100,10.65,overcast clouds
618,Bouza,NE,2022-04-02 16:55:55,14.4229,6.0428,98.83,4,80,6.6,broken clouds
619,Saint-Jerome,CA,2022-04-02 16:55:55,45.7804,-74.0036,42.22,39,20,8.05,few clouds
620,Launceston,AU,2022-04-02 16:55:55,-41.45,147.1667,55.8,74,100,19.57,overcast clouds
621,Orapa,BW,2022-04-02 16:55:56,-21.2833,25.3667,80.55,35,18,5.37,few clouds
622,Sangar,RU,2022-04-02 16:55:56,63.9242,127.4739,17.94,87,100,7.58,overcast clouds
623,Benguela,AO,2022-04-02 16:55:56,-12.5763,13.4055,77.76,82,99,7.11,overcast clouds
624,Bogande,BF,2022-04-02 16:55:57,12.9714,-0.1436,102.81,16,76,4.12,broken clouds
625,Emba,KZ,2022-04-02 16:55:57,48.8264,58.1442,38.95,89,100,6.31,overcast clouds
626,Aksu,CN,2022-04-02 16:55:57,41.1231,80.2644,58.15,25,21,3.22,few clouds
627,Tsiroanomandidy,MG,2022-04-02 16:55:58,-18.7667,46.0333,69.75,76,85,1.88,light rain
628,Male,MV,2022-04-02 16:55:58,4.1748,73.5089,85.95,74,20,3.44,few clouds
629,Unirea,RO,2022-04-02 16:55:58,44.15,23.1833,52.21,57,77,10.58,broken clouds
630,Raton,US,2022-04-02 16:55:59,36.9034,-104.4391,61.32,35,7,9.28,clear sky
631,Prata,BR,2022-04-02 16:51:09,-19.3072,-48.9242,87.6,42,12,5.5,few clouds
632,Abeche,TD,2022-04-02 16:55:59,13.8292,20.8324,93.67,8,11,9.33,few clouds
633,Khovu-Aksy,RU,2022-04-02 16:55:59,51.1333,93.6,23.23,72,56,3.89,broken clouds
634,Jiwani,PK,2022-04-02 16:56:00,25.05,61.7417,79.68,68,0,5.06,clear sky
635,Ihosy,MG,2022-04-02 16:56:00,-22.4,46.1167,67.19,70,35,5.82,scattered clouds
636,Dubna,RU,2022-04-02 16:56:00,56.7333,37.1667,30.34,96,100,14.0,light snow
637,Riyadh,SA,2022-04-02 16:56:01,24.6877,46.7219,86.14,10,9,9.35,clear sky
638,Egvekinot,RU,2022-04-02 16:52:52,66.3167,-179.1667,-10.73,88,14,14.52,few clouds
639,Dzaoudzi,YT,2022-04-02 16:51:05,-12.7887,45.2699,82.29,78,40,5.75,scattered clouds
640,Asilah,MA,2022-04-02 16:56:01,35.465,-6.0348,62.56,71,100,22.73,overcast clouds
641,Ende,ID,2022-04-02 16:57:02,-8.8432,121.6623,76.26,87,16,2.06,few clouds
642,Jumla,NP,2022-04-02 16:57:02,29.2747,82.1838,49.71,63,2,4.7,clear sky
643,Valvedditturai,LK,2022-04-02 16:57:02,9.8167,80.1667,81.48,79,19,8.34,few clouds
644,Taganak,PH,2022-04-02 16:57:03,6.0833,118.3,77.14,81,100,9.44,overcast clouds
645,Mpongwe,ZM,2022-04-02 16:57:03,-13.5091,28.155,66.13,93,23,3.62,light rain
646,Saint-Augustin,CA,2022-04-02 16:57:03,51.226,-58.6502,32.92,97,100,14.25,light snow
647,Santiago,CL,2022-04-02 16:53:54,-33.4569,-70.6483,78.28,28,0,12.66,clear sky
648,Flinders,AU,2022-04-02 16:57:04,-34.5833,150.8552,63.18,74,95,11.01,overcast clouds
649,Hudiksvall,SE,2022-04-02 16:57:04,61.729,17.1036,37.35,67,89,9.62,overcast clouds
650,San Quintin,MX,2022-04-02 16:57:05,30.4833,-115.95,60.31,70,100,5.39,overcast clouds
651,Tonj,SS,2022-04-02 16:57:05,7.2737,28.6822,90.45,31,89,2.51,overcast clouds
652,Dong Hoi,VN,2022-04-02 16:57:06,17.4833,106.6,62.37,89,100,15.19,overcast clouds
653,Socorro,US,2022-04-02 16:57:06,31.6546,-106.3033,74.91,22,0,8.05,clear sky
654,Talcahuano,CL,2022-04-02 16:57:07,-36.7167,-73.1167,64.08,72,75,8.05,broken clouds
655,Fare,PF,2022-04-02 16:57:07,-16.7,-151.0167,81.99,72,97,6.26,overcast clouds
656,Awjilah,LY,2022-04-02 16:57:08,29.1081,21.2869,80.74,10,100,7.7,overcast clouds
657,Maumere,ID,2022-04-02 16:57:08,-8.6199,122.2111,78.67,80,15,3.24,few clouds
658,Vangaindrano,MG,2022-04-02 16:57:08,-23.35,47.6,72.43,88,2,2.42,light rain
659,Kishcha,RU,2022-04-02 16:57:09,42.1768,47.5812,52.66,49,39,10.16,scattered clouds
660,Tete,MZ,2022-04-02 16:57:09,-16.1564,33.5867,78.89,83,40,8.05,thunderstorm with rain
661,Port Hawkesbury,CA,2022-04-02 16:57:09,45.6169,-61.3485,39.18,90,100,25.32,light rain
662,Dmitriyevka,RU,2022-04-02 16:57:10,54.75,55.3333,36.95,100,100,9.17,overcast clouds
663,Vaitape,PF,2022-04-02 16:57:10,-16.5167,-151.75,81.93,72,100,6.06,overcast clouds
664,Lerwick,GB,2022-04-02 16:57:11,60.1545,-1.1494,41.0,69,89,17.38,overcast clouds
665,Isla Mujeres,MX,2022-04-02 16:57:11,21.2311,-86.731,86.16,72,9,15.84,clear sky
666,Otradnoye,RU,2022-04-02 16:57:12,59.7775,30.8181,32.05,93,42,4.72,scattered clouds
667,Calbuco,CL,2022-04-02 16:57:12,-41.768,-73.1273,58.21,91,100,14.34,moderate rain
668,Biak,ID,2022-04-02 16:52:58,-0.9131,122.8766,76.26,87,100,8.01,light rain
669,Dakar,SN,2022-04-02 16:57:13,14.6937,-17.4441,81.48,73,0,13.8,clear sky
670,Tondano,ID,2022-04-02 16:57:13,1.3038,124.9112,66.29,86,99,2.04,overcast clouds
671,Kaseda,JP,2022-04-02 16:57:13,31.4167,130.3167,52.43,71,100,7.52,overcast clouds
672,Kismayo,SO,2022-04-02 16:57:14,-0.3582,42.5454,81.05,75,78,12.82,broken clouds
673,Colac,AU,2022-04-02 16:57:14,-38.3333,143.5833,57.16,86,99,4.65,light rain
674,Turayf,SA,2022-04-02 16:52:52,31.6725,38.6637,82.65,15,0,11.5,clear sky
675,Gizo,SB,2022-04-02 16:57:15,-8.103,156.8419,80.74,79,99,2.26,moderate rain
676,Lagos,NG,2022-04-02 16:55:44,6.5833,3.75,89.92,65,82,9.37,broken clouds
677,Maputo,MZ,2022-04-02 16:57:15,-25.9653,32.5892,80.28,84,20,11.99,few clouds
678,San Miguel,SV,2022-04-02 16:55:26,13.4833,-88.1833,98.65,33,3,3.0,clear sky
679,Leningradskiy,RU,2022-04-02 16:57:16,69.3833,178.4167,-13.23,99,100,7.99,overcast clouds
680,Baryatino,RU,2022-04-02 16:57:16,54.3121,34.521,31.01,97,100,15.28,light snow
681,Kot Diji,PK,2022-04-02 16:57:17,27.3427,68.7083,84.22,6,0,4.09,clear sky
682,Sibolga,ID,2022-04-02 16:57:17,1.7427,98.7792,77.76,85,100,2.17,overcast clouds
683,Ixtapa,MX,2022-04-02 16:54:51,20.7,-105.2,84.18,41,50,6.2,scattered clouds
684,Sovetskiy,RU,2022-04-02 16:57:18,61.3614,63.5842,9.64,96,62,2.26,broken clouds
685,Olenegorsk,RU,2022-04-02 16:57:19,68.15,33.3,21.02,88,100,5.99,overcast clouds
686,Alcala De Henares,ES,2022-04-02 16:57:19,40.4821,-3.36,52.52,36,20,16.11,few clouds
687,Caraballeda,VE,2022-04-02 16:57:19,10.6112,-66.8522,92.86,58,20,4.61,few clouds
688,Tilichiki,RU,2022-04-02 16:58:20,60.4667,166.1,15.87,92,100,11.72,overcast clouds
689,Kuala Lipis,MY,2022-04-02 16:58:20,4.1842,102.0468,74.14,99,100,1.92,overcast clouds
690,Vestmanna,FO,2022-04-02 16:58:21,62.1564,-7.1664,41.92,93,100,4.61,overcast clouds
691,Ayame,CI,2022-04-02 16:58:21,5.6083,-3.1563,84.31,68,99,7.25,light rain
692,Pathein,MM,2022-04-02 16:58:21,16.7833,94.7333,77.54,87,84,4.41,broken clouds
693,Shache,CN,2022-04-02 16:58:22,38.4167,77.2406,62.19,21,100,1.61,overcast clouds
694,Takoradi,GH,2022-04-02 16:58:22,4.8845,-1.7554,84.22,74,93,11.25,light rain
695,Saint Anthony,US,2022-04-02 16:58:23,45.0205,-93.218,46.33,70,75,11.5,broken clouds
696,Cockburn Town,TC,2022-04-02 16:58:23,21.4612,-71.1419,80.56,61,40,17.27,scattered clouds
697,Broken Hill,AU,2022-04-02 16:58:23,-31.95,141.4333,53.31,54,6,0.0,clear sky
698,Talaya,RU,2022-04-02 16:58:24,61.3833,152.75,-2.65,100,100,1.92,overcast clouds
699,Mocuba,MZ,2022-04-02 16:58:24,-16.8392,36.9856,72.46,98,12,3.87,light rain
700,Porto Tolle,IT,2022-04-02 16:58:24,44.9497,12.3245,50.41,57,83,9.13,broken clouds
701,Tura,IN,2022-04-02 16:58:25,25.5198,90.2201,72.05,85,21,1.5,few clouds
702,Olinda,BR,2022-04-02 16:58:25,-8.0089,-34.8553,85.73,66,20,11.5,few clouds
703,Karatau,KZ,2022-04-02 16:58:25,43.1667,70.4667,53.13,49,6,1.79,clear sky
704,Bandar,ID,2022-04-02 16:58:26,2.05,99.75,73.78,98,87,2.68,overcast clouds
705,Baoding,CN,2022-04-02 16:58:26,38.8511,115.4903,47.03,29,0,7.87,clear sky
706,Tabou,CI,2022-04-02 16:58:26,4.423,-7.3528,81.39,81,100,7.72,light rain
707,Bindura,ZW,2022-04-02 16:58:27,-17.3019,31.3306,68.05,80,62,3.4,broken clouds
708,Telimele,GN,2022-04-02 16:58:27,10.9167,-13.3333,99.0,14,84,5.23,broken clouds
709,Saint Joseph,US,2022-04-02 16:54:56,39.7686,-94.8466,56.55,59,60,15.3,broken clouds
710,Cheremkhovo,RU,2022-04-02 16:58:27,53.1561,103.0675,30.06,85,100,7.45,overcast clouds
711,Troy,US,2022-04-02 16:54:38,42.6056,-83.1499,43.0,57,0,5.75,clear sky
712,Gravdal,NO,2022-04-02 16:58:28,68.1214,13.5031,32.29,58,100,20.65,light snow
713,Sidney,AU,2022-04-02 16:57:42,-33.8679,151.2073,60.28,78,0,9.22,clear sky
